date,soybean_oil_usd_mt,maize_usd_mt,wheat_usd_mt,dap_fertiliser_usd_mt,mop_potash_usd_mt,wheat_usd_mt_mom_pct,wheat_usd_mt_yoy_pct,maize_usd_mt_mom_pct,maize_usd_mt_yoy_pct,soybean_oil_usd_mt_mom_pct,soybean_oil_usd_mt_yoy_pct,dap_fertiliser_usd_mt_mom_pct,dap_fertiliser_usd_mt_yoy_pct,mop_potash_usd_mt_mom_pct,mop_potash_usd_mt_yoy_pct,dap_to_wheat_ratio,fertiliser_composite_idx,undernourishment_pct,food_production_index,cereal_yield_kg_ha,arable_land_pct,undernourishment_pct_yoy_chg,food_production_index_yoy_chg,cereal_yield_kg_ha_yoy_chg,ffpi_overall,ffpi_cereals,ffpi_overall_mom_pct,ffpi_cereals_yoy_pct,ffpi_above_baseline,ffpi_crisis_flag,dap_to_wheat_elevated,ffpi_volatility_12m,cereals_affordability_idx,supply_stress_flag,food_shock_score,month,year
31-01-1990,417.0,105.6,167.92,138.5,98.5,2.011,-3.383,-3.27,-10.66,-2.797,-1.418,0.727,-23.481,0.0,7.65,0.825,118.5,0,22.80516757,2754.995666,10.65125343,0,-2.368,154.588,62.67,68.76,0,0,0,0,0,0,145.43,0,0,1,1990
28-02-1990,428.0,106.07,160.94,139.75,98.5,-4.157,-6.408,0.445,-9.666,2.638,3.883,0.903,-21.709,0.0,-2.956,0.868,119.12,0,22.80516757,2754.995666,10.65125343,0,-2.368,154.588,62.14,67.29,-0.846,0,0,0,0,0,148.61,0,0,2,1990
31-03-1990,442.0,109.7,156.53,146.0,97.375,-2.74,-12.165,3.422,-7.332,3.271,1.144,4.472,-17.28,-1.142,-3.109,0.933,121.69,0,22.80516757,2754.995666,10.65125343,0,-2.368,154.588,62.73,67.33,0.949,0,0,0,0,0,148.52,0,0,3,1990
30-04-1990,440.0,118.82,159.47,155.2,93.2,1.878,-8.629,8.314,2.661,-0.452,0.0,6.301,-7.343,-4.288,-5.381,0.973,124.2,0,22.80516757,2754.995666,10.65125343,0,-2.368,154.588,64.85,70.62,3.38,0,0,0,0,0,141.6,0,0,4,1990
31-05-1990,449.0,121.04,149.18,149.125,93.5,-6.453,-15.416,1.868,2.89,2.045,-2.391,-3.914,-2.213,0.322,-5.076,1.0,121.31,0,22.80516757,2754.995666,10.65125343,0,-2.368,154.588,64.07,68.91,-1.203,0,0,0,0,0,145.12,0,0,5,1990
30-06-1990,435.0,120.86,135.58,152.75,93.5,-9.117,-19.609,-0.149,6.965,-3.118,-6.25,2.431,7.193,0.0,-5.076,1.127,123.12,0,22.80516757,2754.995666,10.65125343,0,-2.368,154.588,61.4,65.75,-4.167,0,0,0,0,0,152.09,0,0,6,1990
31-07-1990,437.0,114.91,124.93,160.7,93.5,-7.855,-25.111,-4.923,5.713,0.46,-2.237,5.205,16.873,0.0,-5.076,1.286,127.1,0,22.80516757,2754.995666,10.65125343,0,-2.368,154.588,58.72,61.6,-4.365,0,0,0,0,0,162.34,0,0,7,1990
31-08-1990,460.0,110.05,116.84,160.5,93.5,-6.476,-28.86,-4.229,9.047,5.263,13.861,-0.124,11.458,0.0,-5.076,1.374,127.0,0,22.80516757,2754.995666,10.65125343,0,-2.368,154.588,57.48,58.36,-2.112,0,0,0,0,0,171.35,0,0,8,1990
30-09-1990,461.0,101.52,114.27,165.875,93.5,-2.2,-30.114,-7.751,-1.79,0.217,12.439,3.349,6.33,0.0,-5.076,1.452,129.69,0,22.80516757,2754.995666,10.65125343,0,-2.368,154.588,55.49,55.32,-3.462,0,0,0,0,0,180.77,0,0,9,1990
31-10-1990,468.0,100.34,114.64,165.7,93.5,0.324,-30.357,-1.162,-6.469,1.518,11.695,-0.106,11.959,0.0,-5.076,1.445,129.6,0,22.80516757,2754.995666,10.65125343,0,-2.368,154.588,55.6,55.06,0.198,0,0,0,0,0,181.62,0,0,10,1990
30-11-1990,455.0,100.39,112.8,163.375,93.5,-1.605,-31.013,0.05,-7.458,-2.778,5.081,-1.403,15.053,0.0,-5.076,1.448,128.44,0,22.80516757,2754.995666,10.65125343,0,-2.368,154.588,54.81,54.66,-1.421,0,0,0,0,0,182.95,0,0,11,1990
31-12-1990,476.0,102.01,113.17,158.625,93.5,0.328,-31.25,1.614,-6.559,4.615,10.956,-2.907,15.364,0.0,-5.076,1.402,126.06,0,22.61964616,2870.949132,10.65953276,0,-0.186,115.953,56.02,55.2,2.208,0,0,0,0,0,181.16,0,0,12,1990
31-01-1991,455.0,105.67,111.33,157.375,93.5,-1.626,-33.701,3.588,0.066,-4.412,9.113,-0.788,13.628,0.0,-5.076,1.414,125.44,0,22.61964616,2870.949132,10.65953276,0,-0.186,115.953,55.6,55.84,-0.75,-18.79,0,0,0,2.406,179.08,0,0,1,1991
28-02-1991,445.0,106.1,113.91,160.625,95.625,2.317,-29.222,0.407,0.028,-2.198,3.972,2.065,14.937,2.273,-2.919,1.41,128.12,0,22.61964616,2870.949132,10.65953276,0,-0.186,115.953,55.67,56.55,0.126,-15.961,0,0,0,2.426,176.83,0,0,2,1991
31-03-1991,453.0,109.54,119.42,163.625,95.625,4.837,-23.708,3.242,-0.146,1.798,2.489,1.868,12.072,0.0,-1.797,1.37,129.62,0,22.61964616,2870.949132,10.65953276,0,-0.186,115.953,57.49,58.8,3.269,-12.669,0,0,0,2.666,170.07,0,0,3,1991
30-04-1991,460.0,110.33,120.89,166.0,108.0,1.231,-24.193,0.721,-7.145,1.545,4.545,1.451,6.959,12.941,15.88,1.373,137.0,0,22.61964616,2870.949132,10.65953276,0,-0.186,115.953,58.15,59.36,1.148,-15.944,0,0,0,2.423,168.46,0,0,4,1991
31-05-1991,444.0,105.7,121.99,165.25,112.0,0.91,-18.226,-4.197,-12.673,-3.478,-1.114,-0.452,10.813,3.704,19.786,1.355,138.62,0,22.61964616,2870.949132,10.65953276,0,-0.186,115.953,56.78,58.28,-2.356,-15.426,0,0,0,2.46,171.59,0,0,5,1991
30-06-1991,440.0,104.21,120.15,159.25,112.0,-1.508,-11.381,-1.41,-13.776,-0.901,1.149,-3.631,4.255,0.0,19.786,1.325,135.62,0,22.61964616,2870.949132,10.65953276,0,-0.186,115.953,56.05,57.43,-1.286,-12.654,0,0,0,2.252,174.13,0,0,6,1991
31-07-1991,431.0,105.11,118.31,163.5,110.4,-1.531,-5.299,0.864,-8.528,-2.045,-1.373,2.669,1.742,-1.429,18.075,1.382,136.95,0,22.61964616,2870.949132,10.65953276,0,-0.186,115.953,55.58,57.27,-0.839,-7.029,0,0,0,1.944,174.61,0,0,7,1991
31-08-1991,457.0,110.43,125.3,161.875,110.0,5.908,7.241,5.061,0.345,6.032,-0.652,-0.994,0.857,-0.362,17.647,1.292,135.94,0,22.61964616,2870.949132,10.65953276,0,-0.186,115.953,58.72,60.4,5.65,3.496,0,0,0,2.537,165.56,0,0,8,1991
30-09-1991,468.0,108.85,135.22,159.5,110.0,7.917,18.334,-1.431,7.22,2.407,1.518,-1.467,-3.843,0.0,17.647,1.18,134.75,0,22.61964616,2870.949132,10.65953276,0,-0.186,115.953,60.37,62.21,2.81,12.455,0,0,0,2.352,160.75,0,0,9,1991
31-10-1991,485.0,109.7,146.97,155.0,110.0,8.69,28.201,0.781,9.328,3.632,3.632,-2.821,-6.457,0.0,17.647,1.055,132.5,0,22.61964616,2870.949132,10.65953276,0,-0.186,115.953,63.01,65.14,4.373,18.307,0,0,0,2.565,153.52,0,0,10,1991
30-11-1991,466.0,106.49,149.55,143.5,110.0,1.755,32.58,-2.926,6.076,-3.918,2.418,-7.419,-12.165,0.0,17.647,0.96,126.75,0,22.61964616,2870.949132,10.65953276,0,-0.186,115.953,62.03,64.82,-1.555,18.588,0,0,0,2.577,154.27,0,0,11,1991
31-12-1991,442.0,106.91,160.94,143.5,110.0,7.616,42.211,0.394,4.803,-5.15,-7.143,0.0,-9.535,0.0,17.647,0.892,126.75,0,25.8914494,2862.21747,10.68155713,0,3.272,-8.732,62.87,67.54,1.354,22.355,0,0,0,2.555,148.06,0,0,12,1991
31-01-1992,429.0,109.31,170.12,145.25,110.0,5.704,52.807,2.245,3.445,-2.941,-5.714,1.22,-7.705,0.0,17.647,0.854,127.62,0,25.8914494,2862.21747,10.68155713,0,3.272,-8.732,64.21,70.32,2.131,25.931,0,0,0,2.511,142.21,0,0,1,1992
29-02-1992,414.0,113.62,177.1,147.875,110.0,4.103,55.474,3.943,7.088,-3.497,-6.966,1.807,-7.938,0.0,15.033,0.835,128.94,0,25.8914494,2862.21747,10.68155713,0,3.272,-8.732,65.49,73.16,1.993,29.372,0,0,0,2.494,136.69,0,0,2,1992
31-03-1992,434.0,117.0,169.39,144.8,110.0,-4.353,41.844,2.975,6.81,4.831,-4.194,-2.079,-11.505,0.0,15.033,0.855,127.4,0,25.8914494,2862.21747,10.68155713,0,3.272,-8.732,65.77,72.37,0.428,23.078,0,0,0,2.433,138.18,0,0,3,1992
30-04-1992,425.0,108.52,159.83,142.75,110.0,-5.644,32.211,-7.248,-1.641,-2.074,-7.609,-1.416,-14.006,0.0,1.852,0.893,126.38,0,25.8914494,2862.21747,10.68155713,0,3.272,-8.732,62.32,67.74,-5.246,14.117,0,0,0,3.055,147.62,0,0,4,1992
31-05-1992,439.0,109.64,149.55,140.5,110.0,-6.432,22.592,1.032,3.728,3.294,-1.126,-1.576,-14.977,0.0,-1.786,0.939,125.25,0,25.8914494,2862.21747,10.68155713,0,3.272,-8.732,61.54,65.72,-1.252,12.766,0,0,0,2.973,152.16,0,0,5,1992
30-06-1992,456.0,110.9,148.81,143.5,110.0,-0.495,23.854,1.149,6.42,3.872,3.636,2.135,-9.89,0.0,-1.786,0.964,126.75,0,25.8914494,2862.21747,10.68155713,0,3.272,-8.732,62.35,65.91,1.316,14.766,0,0,0,2.908,151.72,0,0,6,1992
31-07-1992,429.0,102.75,136.32,146.0,110.0,-8.393,15.223,-7.349,-2.245,-5.921,-0.464,1.742,-10.703,0.0,-0.362,1.071,128.0,0,25.8914494,2862.21747,10.68155713,0,3.272,-8.732,57.8,60.71,-7.298,6.007,0,0,0,3.743,164.72,0,0,7,1992
31-08-1992,409.0,96.96,128.24,131.4,113.6,-5.927,2.346,-5.635,-12.198,-4.662,-10.503,-10.0,-18.826,3.273,3.273,1.025,122.5,0,25.8914494,2862.21747,10.68155713,0,3.272,-8.732,54.65,57.2,-5.45,-5.298,0,0,0,3.697,174.83,0,0,8,1992
30-09-1992,421.0,98.05,138.89,131.25,114.5,8.305,2.714,1.124,-9.922,2.934,-10.043,-0.114,-17.712,0.792,4.091,0.945,122.88,0,25.8914494,2862.21747,10.68155713,0,3.272,-8.732,56.96,59.94,4.227,-3.649,0,0,0,3.834,166.83,0,0,9,1992
31-10-1992,418.0,95.11,140.73,130.125,114.5,1.325,-4.246,-2.998,-13.3,-0.713,-13.814,-0.857,-16.048,0.0,4.091,0.925,122.31,0,25.8914494,2862.21747,10.68155713,0,3.272,-8.732,56.56,59.52,-0.702,-8.628,0,0,0,3.525,168.01,0,0,10,1992
30-11-1992,437.0,94.48,147.71,126.4,114.5,4.96,-1.23,-0.662,-11.278,4.545,-6.223,-2.863,-11.916,0.0,4.091,0.856,120.45,0,25.8914494,2862.21747,10.68155713,0,3.272,-8.732,58.27,60.94,3.023,-5.986,0,0,0,3.684,164.1,0,0,11,1992
31-12-1992,436.0,94.61,147.71,124.625,114.0,0.0,-8.22,0.138,-11.505,-0.229,-1.357,-1.404,-13.153,-0.437,3.636,0.844,119.31,0,28.73482854,2774.298622,10.61944226,0,2.843,-87.919,58.25,60.97,-0.034,-9.728,0,0,0,3.644,164.02,0,0,12,1992
31-01-1993,444.0,94.21,155.79,123.75,113.0,5.47,-8.423,-0.423,-13.814,1.835,3.497,-0.702,-14.802,-0.877,2.727,0.794,118.38,0,28.73482854,2774.298622,10.61944226,0,2.843,-87.919,59.73,62.71,2.541,-10.822,0,0,0,3.673,159.46,0,0,1,1993
28-02-1993,433.0,94.38,148.81,120.25,112.5,-4.48,-15.974,0.18,-16.934,-2.477,4.589,-2.828,-18.681,-0.442,2.273,0.808,116.38,0,28.73482854,2774.298622,10.61944226,0,2.843,-87.919,58.26,61.16,-2.461,-16.402,0,0,0,3.619,163.51,0,0,2,1993
31-03-1993,438.0,97.14,148.08,115.1,112.5,-0.491,-12.58,2.924,-16.974,1.155,0.922,-4.283,-20.511,0.0,2.273,0.777,113.8,0,28.73482854,2774.298622,10.61944226,0,2.843,-87.919,58.88,61.78,1.064,-14.633,0,0,0,3.645,161.86,0,0,3,1993
30-04-1993,448.0,100.55,141.83,112.75,112.5,-4.221,-11.262,3.51,-7.344,2.283,5.412,-2.042,-21.016,0.0,2.273,0.795,112.62,0,28.73482854,2774.298622,10.61944226,0,2.843,-87.919,58.98,61.34,0.17,-9.448,0,0,0,3.377,163.03,0,0,4,1993
31-05-1993,448.0,98.59,136.69,115.1,112.5,-3.624,-8.599,-1.949,-10.078,0.0,2.05,2.084,-18.078,0.0,2.273,0.842,113.8,0,28.73482854,2774.298622,10.61944226,0,2.843,-87.919,57.82,59.6,-1.967,-9.312,0,0,0,3.4,167.79,0,0,5,1993
30-06-1993,461.0,92.76,121.99,113.875,112.5,-10.754,-18.023,-5.913,-16.357,2.902,1.096,-1.064,-20.645,0.0,2.273,0.933,113.19,0,28.73482854,2774.298622,10.61944226,0,2.843,-87.919,54.99,54.56,-4.895,-17.22,0,0,0,3.573,183.28,0,0,6,1993
31-07-1993,505.0,101.25,127.5,112.875,112.5,4.517,-6.47,9.153,-1.46,9.544,17.716,-0.878,-22.688,0.0,2.273,0.885,112.69,0,28.73482854,2774.298622,10.61944226,0,2.843,-87.919,59.23,58.26,7.71,-4.036,0,0,0,3.781,171.64,0,0,7,1993
31-08-1993,483.0,100.31,129.71,113.1,112.5,1.733,1.146,-0.928,3.455,-4.356,18.093,0.199,-13.927,0.0,-0.968,0.872,112.8,0,28.73482854,2774.298622,10.61944226,0,2.843,-87.919,58.5,58.5,-1.232,2.273,0,0,0,3.376,170.94,0,0,8,1993
30-09-1993,489.0,100.9,131.17,116.875,112.5,1.126,-5.558,0.588,2.907,1.242,16.152,3.338,-10.952,0.0,-1.747,0.891,114.69,0,28.73482854,2774.298622,10.61944226,0,2.843,-87.919,59.08,59.0,0.991,-1.568,0,0,0,3.185,169.49,0,0,9,1993
31-10-1993,491.0,106.53,135.95,129.5,112.5,3.644,-3.397,5.58,12.007,0.409,17.464,10.802,-0.48,0.0,-1.747,0.953,121.0,0,28.73482854,2774.298622,10.61944226,0,2.843,-87.919,60.97,61.72,3.199,3.696,0,0,0,3.266,162.02,0,0,10,1993
30-11-1993,536.0,116.67,146.61,140.4,112.5,7.841,-0.745,9.518,23.486,9.165,22.654,8.417,11.076,0.0,-1.747,0.958,126.45,0,28.73482854,2774.298622,10.61944226,0,2.843,-87.919,66.35,67.06,8.824,10.043,0,0,0,3.993,149.12,0,0,11,1993
31-12-1993,589.0,121.79,158.73,150.375,112.5,8.267,7.461,4.388,28.728,9.888,35.092,7.105,20.662,0.0,-1.316,0.947,131.44,0,39.40335035,2735.510707,10.61168756,0,10.669,-38.788,71.32,71.31,7.491,16.959,0,0,0,4.363,140.23,0,0,12,1993
31-01-1994,602.0,127.23,153.22,150.0,112.5,-3.471,-1.65,4.467,35.049,2.207,35.586,-0.249,21.212,0.0,-0.442,0.979,131.25,0,39.40335035,2735.510707,10.61168756,0,10.669,-38.788,72.05,71.61,1.024,14.192,0,0,0,4.361,139.65,0,0,1,1994
28-02-1994,577.0,123.22,146.97,151.75,112.5,-4.079,-1.236,-3.152,30.557,-4.153,33.256,1.167,26.195,0.0,0.0,1.033,132.12,0,39.40335035,2735.510707,10.61168756,0,10.669,-38.788,69.32,69.03,-3.789,12.868,0,0,0,4.49,144.86,0,0,2,1994
31-03-1994,586.0,119.4,141.1,155.875,112.5,-3.994,-4.714,-3.1,22.915,1.56,33.79,2.718,35.426,0.0,0.0,1.105,134.19,0,39.40335035,2735.510707,10.61168756,0,10.669,-38.788,68.05,66.59,-1.832,7.786,0,0,0,4.595,150.17,0,0,3,1994
30-04-1994,584.0,113.23,140.36,162.25,112.5,-0.524,-1.036,-5.168,12.611,-0.341,30.357,4.09,43.902,0.0,0.0,1.156,137.38,0,39.40335035,2735.510707,10.61168756,0,10.669,-38.788,66.68,64.64,-2.013,5.38,0,0,0,4.686,154.7,0,0,4,1994
31-05-1994,594.0,109.59,139.99,159.2,112.5,-0.264,2.414,-3.215,11.157,1.712,32.589,-1.88,38.315,0.0,0.0,1.137,135.85,0,39.40335035,2735.510707,10.61168756,0,10.669,-38.788,66.33,63.52,-0.525,6.577,0,0,0,4.618,157.43,0,0,5,1994
30-06-1994,571.0,112.16,139.26,157.625,112.5,-0.521,14.157,2.345,20.914,-3.872,23.861,-0.989,38.419,0.0,0.0,1.132,135.06,0,39.40335035,2735.510707,10.61168756,0,10.669,-38.788,65.78,64.09,-0.829,17.467,0,0,0,4.262,156.03,0,0,6,1994
31-07-1994,560.0,97.83,137.42,158.625,112.5,-1.321,7.78,-12.776,-3.378,-1.926,10.891,0.634,40.532,0.0,0.0,1.154,135.56,0,39.40335035,2735.510707,10.61168756,0,10.669,-38.788,62.31,59.55,-5.275,2.214,0,0,0,4.213,167.93,0,0,7,1994
31-08-1994,600.0,95.99,145.87,161.1,112.5,6.149,12.459,-1.881,-4.307,7.143,24.224,1.56,42.44,0.0,0.0,1.104,136.8,0,39.40335035,2735.510707,10.61168756,0,10.669,-38.788,64.86,60.95,4.092,4.188,0,0,0,4.294,164.07,0,0,8,1994
30-09-1994,672.0,97.51,158.73,164.0,112.5,8.816,21.011,1.583,-3.36,12.0,37.423,1.8,40.321,0.0,0.0,1.033,138.25,0,39.40335035,2735.510707,10.61168756,0,10.669,-38.788,70.02,64.32,7.956,9.017,0,0,0,4.747,155.47,0,0,9,1994
31-10-1994,642.0,96.48,167.18,167.125,112.5,5.324,22.972,-1.056,-9.434,-4.464,30.754,1.905,29.054,0.0,0.0,1.0,139.81,0,39.40335035,2735.510707,10.61168756,0,10.669,-38.788,69.9,65.96,-0.171,6.87,0,0,0,4.739,151.61,0,0,10,1994
30-11-1994,706.0,95.47,162.04,165.875,112.5,-3.075,10.525,-1.047,-18.171,9.969,31.716,-0.748,18.145,0.0,0.0,1.024,139.19,0,39.40335035,2735.510707,10.61168756,0,10.669,-38.788,71.51,64.5,2.303,-3.817,0,0,0,4.125,155.04,0,0,11,1994
31-12-1994,693.0,102.49,164.61,171.6666667,112.5,1.586,3.704,7.353,-15.847,-1.841,17.657,3.492,14.159,0.0,0.0,1.043,142.08,0,44.30972533,2820.464266,10.58441881,0,4.906,84.954,72.72,67.1,1.692,-5.904,0,0,0,3.558,149.03,0,0,12,1994
31-01-1995,674.0,106.96,156.16,188.2,112.5,-5.133,1.919,4.361,-15.932,-2.742,11.96,9.631,25.467,0.0,0.0,1.205,150.35,0,44.30972533,2820.464266,10.58441881,0,4.906,84.954,71.52,66.46,-1.65,-7.192,0,0,0,3.587,150.47,0,0,1,1995
28-02-1995,663.0,106.69,154.32,198.625,112.5,-1.178,5.001,-0.252,-13.415,-1.632,14.905,5.539,30.89,0.0,0.0,1.287,155.56,0,44.30972533,2820.464266,10.58441881,0,4.906,84.954,70.74,65.96,-1.091,-4.447,0,0,0,3.408,151.61,0,0,2,1995
31-03-1995,652.0,109.7,150.28,205.625,112.5,-2.618,6.506,2.821,-8.124,-1.659,11.263,3.524,31.917,0.0,0.0,1.368,159.06,0,44.30972533,2820.464266,10.58441881,0,4.906,84.954,70.26,65.9,-0.679,-1.036,0,0,0,3.361,151.75,0,0,3,1995
30-04-1995,610.0,109.3,148.81,204.5,112.5,-0.978,6.02,-0.365,-3.471,-6.442,4.452,-0.547,26.04,0.0,0.0,1.374,158.5,0,44.30972533,2820.464266,10.58441881,0,4.906,84.954,68.26,65.45,-2.847,1.253,0,0,0,3.421,152.79,0,0,4,1995
31-05-1995,595.0,111.97,158.73,197.8,112.5,6.666,13.387,2.443,2.172,-2.459,0.168,-3.276,24.246,0.0,0.0,1.246,155.15,0,44.30972533,2820.464266,10.58441881,0,4.906,84.954,69.68,68.48,2.08,7.809,0,0,0,3.45,146.03,0,0,5,1995
30-06-1995,611.0,119.86,170.12,185.625,112.5,7.176,22.16,7.047,6.865,2.689,7.005,-6.155,17.764,0.0,0.0,1.091,149.06,0,44.30972533,2820.464266,10.58441881,0,4.906,84.954,73.57,73.35,5.583,14.448,0,0,0,3.718,136.33,0,0,6,1995
31-07-1995,626.0,126.99,190.7,180.8,112.5,12.097,38.772,5.949,29.807,2.455,11.786,-2.599,13.98,0.0,0.0,0.948,146.65,0,44.30972533,2820.464266,10.58441881,0,4.906,84.954,78.68,80.11,6.946,34.526,0,0,0,3.511,124.83,0,0,7,1995
31-08-1995,616.0,126.44,184.45,185.25,112.5,-3.277,26.448,-0.433,31.722,-1.597,2.667,2.461,14.991,0.0,0.0,1.004,148.88,0,44.30972533,2820.464266,10.58441881,0,4.906,84.954,77.23,78.53,-1.843,28.843,0,0,0,3.609,127.34,0,0,8,1995
30-09-1995,614.0,130.48,193.64,192.0,112.5,4.982,21.993,3.195,33.812,-0.325,-8.631,3.644,17.073,0.0,0.0,0.992,152.25,0,44.30972533,2820.464266,10.58441881,0,4.906,84.954,79.32,81.79,2.706,27.161,0,0,0,3.03,122.26,0,0,9,1995
31-10-1995,638.0,140.86,203.73,204.8,112.5,5.211,21.863,7.955,45.999,3.909,-0.623,6.667,22.543,0.0,0.0,1.005,158.65,0,44.30972533,2820.464266,10.58441881,0,4.906,84.954,83.81,87.08,5.661,32.019,0,0,0,3.268,114.84,1,1,10,1995
30-11-1995,623.0,143.95,203.93,224.875,112.5,0.098,25.852,2.194,50.78,-2.351,-11.756,9.802,35.569,0.0,0.0,1.103,168.69,0,44.30972533,2820.464266,10.58441881,0,4.906,84.954,83.83,88.02,0.024,36.465,0,0,0,3.288,113.61,1,1,11,1995
31-12-1995,579.0,148.65,208.92,229.1666667,112.5,2.447,26.918,3.265,45.039,-7.063,-16.45,1.908,33.495,0.0,0.0,1.097,170.83,0,45.18435164,2753.157093,10.57285803,0,0.875,-67.307,83.72,90.51,-0.131,34.888,0,0,0,3.315,110.49,1,1,12,1995
31-01-1996,554.0,156.13,206.88,226.3,112.5,-0.976,32.48,5.032,45.97,-4.318,-17.804,-1.251,20.244,0.0,0.0,1.094,169.4,0,45.18435164,2753.157093,10.57285803,0,0.875,-67.307,83.83,92.19,0.131,38.715,0,0,0,3.212,108.47,1,1,1,1996
29-02-1996,548.0,164.81,218.89,225.875,112.5,5.805,41.842,5.559,54.476,-1.083,-17.345,-0.188,13.719,0.0,0.0,1.032,169.19,0,45.18435164,2753.157093,10.57285803,0,0.875,-67.307,87.08,97.44,3.877,47.726,0,0,0,3.185,102.63,0,0,2,1996
31-03-1996,538.0,184.86,215.32,221.0,112.5,-1.631,43.279,12.166,68.514,-1.825,-17.485,-2.158,7.477,0.0,0.0,1.026,166.75,0,45.18435164,2753.157093,10.57285803,0,0.875,-67.307,89.97,102.38,3.319,55.357,0,0,0,3.111,97.68,0,0,3,1996
30-04-1996,582.0,190.37,257.61,210.75,112.5,19.641,73.113,2.981,74.172,8.178,-4.59,-4.638,3.056,0.0,0.0,0.818,161.62,0,45.18435164,2753.157093,10.57285803,0,0.875,-67.307,99.26,113.64,10.326,73.629,0,0,0,3.497,88.0,0,0,4,1996
31-05-1996,591.0,204.02,262.11,186.125,112.5,1.747,65.129,7.17,82.21,1.546,-0.672,-11.684,-5.902,0.0,0.0,0.71,149.31,0,45.18435164,2753.157093,10.57285803,0,0.875,-67.307,102.92,118.58,3.687,73.16,1,0,0,3.48,84.33,0,0,5,1996
30-06-1996,563.0,197.55,227.34,182.125,112.5,-13.265,33.635,-3.171,64.817,-4.738,-7.856,-2.149,-1.886,0.0,0.0,0.801,147.31,0,45.18435164,2753.157093,10.57285803,0,0.875,-67.307,95.25,108.78,-7.452,48.303,0,0,0,4.582,91.93,0,0,6,1996
31-07-1996,549.0,197.8,202.6,188.0,112.5,-10.882,6.24,0.127,55.76,-2.487,-12.3,3.226,3.982,0.0,0.0,0.928,150.25,0,45.18435164,2753.157093,10.57285803,0,0.875,-67.307,90.96,103.19,-4.504,28.81,0,0,0,4.711,96.91,0,0,7,1996
31-08-1996,565.0,185.5,191.63,189.875,112.5,-5.415,3.893,-6.218,46.71,2.914,-8.279,0.997,2.497,0.0,0.0,0.991,151.19,0,45.18435164,2753.157093,10.57285803,0,0.875,-67.307,87.58,97.15,-3.716,23.711,0,0,0,4.854,102.93,0,0,8,1996
30-09-1996,569.0,145.39,178.71,186.7,112.5,-6.742,-7.71,-21.623,11.427,0.708,-7.329,-1.672,-2.76,0.0,0.0,1.045,149.6,0,45.18435164,2753.157093,10.57285803,0,0.875,-67.307,78.08,82.66,-10.847,1.064,0,0,0,5.921,120.98,0,0,9,1996
31-10-1996,528.0,127.85,178.0,183.75,112.5,-0.397,-12.629,-12.064,-9.236,-7.206,-17.241,-1.58,-10.278,0.0,0.0,1.032,148.12,0,45.18435164,2753.157093,10.57285803,0,0.875,-67.307,72.96,77.46,-6.557,-11.047,0,0,0,5.915,129.1,0,0,10,1996
30-11-1996,517.0,117.74,176.41,188.25,112.5,-0.893,-13.495,-7.908,-18.208,-2.083,-17.014,2.449,-16.287,0.0,0.0,1.067,150.38,0,45.18435164,2753.157093,10.57285803,0,0.875,-67.307,70.33,74.18,-3.605,-15.724,0,0,0,5.952,134.81,0,0,11,1996
31-12-1996,514.0,117.69,175.7,188.5,112.5,-0.402,-15.901,-0.042,-20.827,-0.58,-11.226,0.133,-17.745,0.0,0.0,1.073,150.5,0,48.51221184,2935.856595,10.56129991,0,3.328,182.7,70.09,74.0,-0.341,-18.241,0,0,0,5.948,135.14,0,0,12,1996
31-01-1997,534.0,118.36,175.73,188.0,112.5,0.017,-15.057,0.569,-24.191,3.891,-3.61,-0.265,-16.924,0.0,0.0,1.07,150.25,0,48.51221184,2935.856595,10.56129991,0,3.328,182.7,71.04,74.21,1.355,-19.503,0,0,0,5.985,134.75,0,0,1,1997
28-02-1997,527.0,121.67,172.35,187.375,112.5,-1.923,-21.262,2.797,-26.176,-1.311,-3.832,-0.332,-17.045,0.0,0.0,1.087,149.94,0,48.51221184,2935.856595,10.56129991,0,3.328,182.7,70.87,74.38,-0.239,-23.666,0,0,0,5.782,134.44,0,0,2,1997
31-03-1997,541.0,127.6,176.61,187.4,112.5,2.472,-17.978,4.874,-30.975,2.657,0.558,0.013,-15.204,0.0,0.0,1.061,149.95,0,48.51221184,2935.856595,10.56129991,0,3.328,182.7,73.22,77.06,3.316,-24.731,0,0,0,5.782,129.77,0,0,3,1997
30-04-1997,541.0,124.4,183.49,188.5,112.5,3.896,-28.772,-2.508,-34.654,0.0,-7.045,0.587,-10.558,0.0,0.0,1.027,150.5,0,48.51221184,2935.856595,10.56129991,0,3.328,182.7,73.66,77.72,0.601,-31.609,0,0,0,4.507,128.67,0,0,4,1997
31-05-1997,541.0,118.77,172.59,188.5,112.5,-5.94,-34.154,-4.526,-41.785,0.0,-8.46,0.0,1.276,0.0,0.0,1.092,150.5,0,48.51221184,2935.856595,10.56129991,0,3.328,182.7,70.92,73.61,-3.72,-37.924,0,0,0,4.092,135.85,0,0,5,1997
30-06-1997,550.0,112.05,148.39,187.0,112.5,-14.022,-34.728,-5.658,-43.28,1.664,-2.309,-0.796,2.677,0.0,0.0,1.26,149.75,0,48.51221184,2935.856595,10.56129991,0,3.328,182.7,66.3,66.14,-6.514,-39.198,0,0,0,4.007,151.19,0,0,6,1997
31-07-1997,535.0,106.06,136.21,186.875,112.5,-8.208,-32.769,-5.346,-46.38,-2.727,-2.55,-0.067,-0.598,0.0,0.0,1.372,149.69,0,48.51221184,2935.856595,10.56129991,0,3.328,182.7,62.69,61.64,-5.445,-40.266,0,0,0,4.05,162.23,0,0,7,1997
31-08-1997,544.0,112.92,150.61,186.625,112.5,10.572,-21.406,6.468,-39.127,1.682,-3.717,-0.134,-1.712,0.0,0.0,1.239,149.56,0,48.51221184,2935.856595,10.56129991,0,3.328,182.7,66.57,66.9,6.189,-31.137,0,0,0,4.822,149.48,0,0,8,1997
30-09-1997,555.0,112.24,151.74,186.6,112.5,0.75,-15.091,-0.602,-22.801,2.022,-2.46,-0.013,-0.054,0.0,0.0,1.23,149.55,0,48.51221184,2935.856595,10.56129991,0,3.328,182.7,67.05,66.96,0.721,-18.993,0,0,0,4.014,149.34,0,0,9,1997
31-10-1997,611.0,120.36,151.59,186.0,112.5,-0.099,-14.837,7.234,-5.858,10.09,15.72,-0.322,1.224,0.0,0.0,1.227,149.25,0,48.51221184,2935.856595,10.56129991,0,3.328,182.7,70.85,69.26,5.667,-10.586,0,0,0,4.077,144.38,0,0,10,1997
30-11-1997,676.0,117.22,149.88,185.5,112.5,-1.128,-15.039,-2.609,-0.442,10.638,30.754,-0.269,-1.461,0.0,0.0,1.238,149.0,0,48.51221184,2935.856595,10.56129991,0,3.328,182.7,72.61,67.97,2.484,-8.372,0,0,0,3.989,147.12,0,0,11,1997
31-12-1997,622.0,113.45,144.62,185.5,112.5,-3.509,-17.689,-3.216,-3.603,-7.988,21.012,0.0,-1.592,0.0,0.0,1.283,149.0,0,49.47303704,2988.168759,10.58848065,0,0.961,52.312,68.91,65.68,-5.096,-11.243,0,0,0,4.287,152.25,0,0,12,1997
31-01-1998,625.0,114.71,137.1,184.0,112.5,-5.2,-21.983,1.111,-3.084,0.482,17.041,-0.809,-2.128,0.0,0.0,1.342,148.25,0,49.47303704,2988.168759,10.58848065,0,0.961,52.312,68.12,64.32,-1.146,-13.327,0,0,0,4.273,155.47,0,0,1,1998
28-02-1998,634.0,113.38,140.05,183.5,112.5,2.152,-18.741,-1.159,-6.814,1.44,20.304,-0.272,-2.068,0.0,0.0,1.31,148.0,0,49.47303704,2988.168759,10.58848065,0,0.961,52.312,68.68,64.62,0.822,-13.122,0,0,0,4.285,154.75,0,0,2,1998
31-03-1998,652.0,114.21,138.92,183.5,112.5,-0.807,-21.341,0.732,-10.494,2.839,20.518,0.0,-2.081,0.0,0.0,1.321,148.0,0,49.47303704,2988.168759,10.58848065,0,0.961,52.312,69.39,64.6,1.034,-16.169,0,0,0,4.165,154.8,0,0,3,1998
30-04-1998,662.0,107.12,130.15,185.0,112.5,-6.313,-29.07,-6.208,-13.891,1.534,22.366,0.817,-1.857,0.0,0.0,1.421,148.75,0,49.47303704,2988.168759,10.58848065,0,0.961,52.312,67.1,60.56,-3.3,-22.079,0,0,0,4.234,165.13,0,0,4,1998
31-05-1998,671.0,106.1,128.92,186.5,112.5,-0.945,-25.303,-0.952,-10.668,1.36,24.03,0.811,-1.061,0.0,0.0,1.447,149.5,0,49.47303704,2988.168759,10.58848065,0,0.961,52.312,67.08,59.98,-0.03,-18.517,0,0,0,4.127,166.72,0,0,5,1998
30-06-1998,629.0,104.23,120.64,189.2,112.5,-6.423,-18.701,-1.762,-6.979,-6.259,14.364,1.448,1.176,0.0,0.0,1.568,150.85,0,49.47303704,2988.168759,10.58848065,0,0.961,52.312,63.76,57.55,-4.949,-12.988,0,0,0,3.936,173.76,0,0,6,1998
31-07-1998,612.0,100.51,118.9,190.5,112.5,-1.442,-12.708,-3.569,-5.233,-2.703,14.393,0.687,1.94,0.0,0.0,1.602,151.5,0,49.47303704,2988.168759,10.58848065,0,0.961,52.312,62.1,56.08,-2.604,-9.02,0,0,0,3.672,178.32,0,0,7,1998
31-08-1998,592.0,87.86,107.95,190.5,112.5,-9.209,-28.325,-12.586,-22.193,-3.268,8.824,0.0,2.076,0.0,0.0,1.765,151.5,0,49.47303704,2988.168759,10.58848065,0,0.961,52.312,57.2,49.94,-7.89,-25.351,0,0,0,3.757,200.24,0,0,8,1998
30-09-1998,615.0,86.31,107.93,190.5,112.5,-0.019,-28.872,-1.764,-23.102,3.885,10.811,0.0,2.09,0.0,0.0,1.765,151.5,0,49.47303704,2988.168759,10.58848065,0,0.961,52.312,57.83,49.49,1.101,-26.09,0,0,0,3.776,202.06,0,0,9,1998
31-10-1998,614.0,95.53,126.54,189.625,112.5,17.243,-16.525,10.682,-20.63,-0.163,0.491,-0.459,1.949,0.0,0.0,1.499,151.06,0,49.47303704,2988.168759,10.58848065,0,0.961,52.312,62.39,56.4,7.885,-18.568,0,0,0,4.174,177.3,0,0,10,1998
30-11-1998,614.0,98.12,130.21,186.7,112.5,2.9,-13.124,2.711,-16.294,0.0,-9.172,-1.543,0.647,0.0,0.0,1.434,149.6,0,49.47303704,2988.168759,10.58848065,0,0.961,52.312,63.45,57.98,1.699,-14.698,0,0,0,4.12,172.47,0,0,11,1998
31-12-1998,591.0,95.76,126.21,182.8333333,112.5,-3.072,-12.73,-2.405,-15.593,-3.746,-4.984,-2.071,-1.438,0.0,0.0,1.449,147.67,0,52.16631054,3058.635799,10.58412333,0,2.693,70.467,61.46,56.39,-3.136,-14.144,0,0,0,3.981,177.34,0,0,12,1998
31-01-1999,541.63,97.44,125.29,181.75,112.5,-0.729,-8.614,1.754,-15.055,-8.354,-13.339,-0.593,-1.223,0.0,0.0,1.451,147.12,0,52.16631054,3058.635799,10.58412333,0,2.693,70.467,59.64,56.66,-2.961,-11.909,0,0,0,4.027,176.49,0,0,1,1999
28-02-1999,482.36,94.19,117.03,181.625,112.5,-6.593,-16.437,-3.335,-16.925,-10.943,-23.918,-0.069,-1.022,0.0,0.0,1.552,147.06,0,52.16631054,3058.635799,10.58412333,0,2.693,70.467,55.37,53.84,-7.16,-16.682,0,0,0,4.341,185.74,0,0,2,1999
31-03-1999,444.36,96.18,117.34,181.75,112.5,0.265,-15.534,2.113,-15.787,-7.878,-31.847,0.069,-0.954,0.0,0.0,1.549,147.12,0,52.16631054,3058.635799,10.58412333,0,2.693,70.467,54.26,54.48,-2.005,-15.666,0,0,0,4.255,183.55,0,0,3,1999
30-04-1999,442.68,94.13,113.87,180.5,112.5,-2.957,-12.509,-2.131,-12.127,-0.378,-33.13,-0.688,-2.432,0.0,0.0,1.585,146.5,0,52.16631054,3058.635799,10.58412333,0,2.693,70.467,53.27,53.1,-1.825,-12.318,0,0,0,4.233,188.32,0,0,4,1999
31-05-1999,421.5,92.49,113.0,180.5,112.5,-0.764,-12.349,-1.742,-12.828,-4.784,-37.183,0.0,-3.217,0.0,0.0,1.597,146.5,0,52.16631054,3058.635799,10.58412333,0,2.693,70.467,51.97,52.43,-2.44,-12.588,0,0,0,4.198,190.73,0,0,5,1999
30-06-1999,405.88,93.65,111.41,180.5,112.5,-1.407,-7.651,1.254,-10.151,-3.706,-35.472,0.0,-4.598,0.0,0.0,1.62,146.5,0,52.16631054,3058.635799,10.58412333,0,2.693,70.467,51.32,52.4,-1.251,-8.949,0,0,0,4.098,190.84,0,0,6,1999
31-07-1999,391.4,83.99,103.02,177.0,112.5,-7.531,-13.356,-10.315,-16.436,-3.568,-36.046,-1.939,-7.087,0.0,0.0,1.718,144.75,0,52.16631054,3058.635799,10.58412333,0,2.693,70.467,47.61,47.7,-7.229,-14.943,0,0,0,4.396,209.64,0,0,7,1999
31-08-1999,412.37,85.65,111.3,172.4,112.5,8.037,3.103,1.976,-2.515,5.358,-30.343,-2.599,-9.501,0.0,0.0,1.549,142.45,0,52.16631054,3058.635799,10.58412333,0,2.693,70.467,50.03,50.07,5.083,0.26,0,0,0,4.438,199.72,0,0,8,1999
30-09-1999,413.93,86.47,113.19,164.375,112.5,1.698,4.874,0.957,0.185,0.378,-32.694,-4.655,-13.714,0.0,0.0,1.452,138.44,0,52.16631054,3058.635799,10.58412333,0,2.693,70.467,50.54,50.74,1.019,2.526,0,0,0,4.434,197.08,0,0,9,1999
31-10-1999,399.53,85.8,108.1,157.0,112.5,-4.497,-14.572,-0.775,-10.185,-3.479,-34.93,-4.487,-17.205,0.0,0.0,1.452,134.75,0,52.16631054,3058.635799,10.58412333,0,2.693,70.467,49.06,49.38,-2.928,-12.447,0,0,0,3.447,202.51,0,0,10,1999
30-11-1999,387.31,85.43,108.8,148.3,112.5,0.648,-16.443,-0.431,-12.933,-3.059,-36.92,-5.541,-20.568,0.0,0.0,1.363,130.4,0,52.16631054,3058.635799,10.58412333,0,2.693,70.467,48.6,49.44,-0.938,-14.729,0,0,0,3.275,202.27,0,0,11,1999
31-12-1999,374.67,87.18,102.16,147.5,112.5,-6.103,-19.056,2.048,-8.96,-3.264,-36.604,-0.539,-19.325,0.0,0.0,1.444,130.0,0,53.16050531,3100.638237,10.59040525,0,0.994,42.002,47.41,48.42,-2.449,-14.134,0,0,0,3.262,206.53,0,0,12,1999
31-01-2000,369.79,93.29,105.83,147.2,112.5,3.592,-15.532,7.008,-4.259,-1.302,-31.726,-0.203,-19.01,0.0,0.0,1.391,129.85,0,53.16050531,3100.638237,10.59040525,0,0.994,42.002,48.94,51.02,3.227,-9.954,0,0,0,3.585,196.0,0,0,1,2000
29-02-2000,357.94,95.15,107.93,144.5,112.5,1.984,-7.776,1.994,1.019,-3.205,-25.794,-1.834,-20.44,0.0,0.0,1.339,128.5,0,53.16050531,3100.638237,10.59040525,0,0.994,42.002,49.14,52.04,0.409,-3.343,0,0,0,3.153,192.16,0,0,2,2000
31-03-2000,363.49,95.05,105.7,143.0,112.5,-2.066,-9.92,-0.105,-1.175,1.551,-18.199,-1.038,-21.32,0.0,0.0,1.353,127.75,0,53.16050531,3100.638237,10.59040525,0,0.994,42.002,49.01,51.5,-0.265,-5.47,0,0,0,3.14,194.17,0,0,3,2000
30-04-2000,366.24,95.2,105.11,143.0,112.5,-0.558,-7.693,0.158,1.137,0.757,-17.268,0.0,-20.776,0.0,0.0,1.36,127.75,0,53.16050531,3100.638237,10.59040525,0,0.994,42.002,49.05,51.4,0.082,-3.202,0,0,0,3.131,194.55,0,0,4,2000
31-05-2000,337.97,96.35,112.14,143.0,112.5,6.688,-0.761,1.208,4.173,-7.719,-19.817,0.0,-20.776,0.0,0.0,1.275,127.75,0,53.16050531,3100.638237,10.59040525,0,0.994,42.002,49.21,53.34,0.326,1.736,0,0,0,3.088,187.48,0,0,5,2000
30-06-2000,330.17,84.33,113.51,142.0,112.5,1.222,1.885,-12.475,-9.952,-2.308,-18.653,-0.699,-21.33,0.0,0.0,1.251,127.25,0,53.16050531,3100.638237,10.59040525,0,0.994,42.002,46.79,50.19,-4.918,-4.218,0,0,0,3.349,199.24,0,0,6,2000
31-07-2000,339.3,75.27,108.98,140.3,112.5,-3.991,5.785,-10.744,-10.382,2.765,-13.311,-1.197,-20.734,0.0,0.0,1.287,126.4,0,53.16050531,3100.638237,10.59040525,0,0.994,42.002,44.74,46.56,-4.381,-2.39,0,0,0,2.919,214.78,0,0,7,2000
31-08-2000,328.92,75.58,108.36,148.625,112.5,-0.569,-2.642,0.412,-11.757,-3.059,-20.237,5.934,-13.791,0.0,0.0,1.372,130.56,0,53.16050531,3100.638237,10.59040525,0,0.994,42.002,44.28,46.5,-1.028,-7.13,0,0,0,2.335,215.05,0,0,8,2000
30-09-2000,312.49,80.43,117.49,157.5,112.5,8.426,3.799,6.417,-6.985,-4.995,-24.507,5.971,-4.183,0.0,0.0,1.341,135.0,0,53.16050531,3100.638237,10.59040525,0,0.994,42.002,45.94,49.98,3.749,-1.498,0,0,0,2.659,200.08,0,0,9,2000
31-10-2000,314.02,85.03,128.18,155.9,112.5,9.099,18.575,5.719,-0.897,0.49,-21.403,-1.016,-0.701,0.0,0.0,1.216,134.2,0,53.16050531,3100.638237,10.59040525,0,0.994,42.002,48.52,53.76,5.616,8.87,0,0,0,3.128,186.01,0,0,10,2000
30-11-2000,316.78,89.17,127.73,153.5,112.5,-0.351,17.399,4.869,4.378,0.879,-18.21,-1.539,3.506,0.0,0.0,1.202,133.0,0,53.16050531,3100.638237,10.59040525,0,0.994,42.002,49.35,54.84,1.711,10.922,0,0,0,3.153,182.35,0,0,11,2000
31-12-2000,320.57,97.56,128.09,153.5,112.5,0.282,25.382,9.409,11.906,1.196,-14.439,0.0,4.068,0.0,0.0,1.198,133.0,0,83.23075721,3067.536812,10.56103123,0,30.07,-33.101,51.17,57.34,3.688,18.422,0,0,0,3.187,174.4,0,0,12,2000
31-01-2001,304.81,95.15,132.84,154.5,112.5,3.708,25.522,-2.47,1.994,-4.916,-17.572,0.651,4.959,0.0,0.0,1.163,133.5,0,83.23075721,3067.536812,10.56103123,0,30.07,-33.101,50.79,57.73,-0.743,13.152,0,0,0,3.104,173.22,0,0,1,2001
28-02-2001,303.78,91.97,128.11,159.0,112.5,-3.561,18.697,-3.342,-3.342,-0.338,-15.131,2.913,10.035,0.0,0.0,1.241,135.75,0,83.23075721,3067.536812,10.56103123,0,30.07,-33.101,49.42,55.74,-2.697,7.11,0,0,0,3.226,179.4,0,0,2,2001
31-03-2001,327.63,90.25,130.2,159.125,112.5,1.631,23.179,-1.87,-5.05,7.851,-9.865,0.079,11.276,0.0,0.0,1.222,135.81,0,83.23075721,3067.536812,10.56103123,0,30.07,-33.101,50.38,55.72,1.943,8.194,0,0,0,3.266,179.47,0,0,3,2001
30-04-2001,326.01,87.99,129.67,151.3,112.5,-0.407,23.366,-2.504,-7.574,-0.494,-10.985,-4.918,5.804,0.0,0.0,1.167,131.9,0,83.23075721,3067.536812,10.56103123,0,30.07,-33.101,49.79,54.94,-1.171,6.887,0,0,0,3.293,182.02,0,0,4,2001
31-05-2001,295.17,84.09,134.86,142.0,112.5,4.002,20.26,-4.432,-12.724,-9.46,-12.664,-6.147,-0.699,0.0,0.0,1.053,127.25,0,83.23075721,3067.536812,10.56103123,0,30.07,-33.101,48.6,55.02,-2.39,3.15,0,0,0,3.374,181.75,0,0,5,2001
30-06-2001,286.89,83.31,127.23,133.125,112.5,-5.658,12.087,-0.928,-1.21,-2.805,-13.108,-6.25,-6.25,0.0,0.0,1.046,122.81,0,83.23075721,3067.536812,10.56103123,0,30.07,-33.101,46.95,53.04,-3.395,5.678,0,0,0,3.198,188.54,0,0,6,2001
31-07-2001,421.36,91.73,123.79,135.0,112.5,-2.704,13.59,10.107,21.868,46.872,24.185,1.408,-3.778,0.0,0.0,1.091,123.75,0,83.23075721,3067.536812,10.56103123,0,30.07,-33.101,53.46,54.68,13.866,17.44,0,0,0,4.816,182.88,0,0,7,2001
31-08-2001,427.49,93.14,121.92,135.0,112.5,-1.511,12.514,1.537,23.234,1.455,29.968,0.0,-9.167,0.0,0.0,1.107,123.75,0,83.23075721,3067.536812,10.56103123,0,30.07,-33.101,53.7,54.66,0.449,17.548,0,0,0,4.761,182.95,0,0,8,2001
30-09-2001,385.09,90.08,122.03,135.0,112.5,0.09,3.864,-3.285,11.998,-9.918,23.233,0.0,-14.286,0.0,0.0,1.106,123.75,0,83.23075721,3067.536812,10.56103123,0,30.07,-33.101,51.42,53.8,-4.246,7.643,0,0,0,5.004,185.87,0,0,9,2001
31-10-2001,373.03,86.56,123.34,135.9,112.5,1.074,-3.776,-3.908,1.799,-3.132,18.792,0.667,-12.829,0.0,0.0,1.102,124.2,0,83.23075721,3067.536812,10.56103123,0,30.07,-33.101,50.46,53.09,-1.867,-1.246,0,0,0,4.848,188.36,0,0,10,2001
30-11-2001,390.69,89.54,125.27,140.5,112.5,1.565,-1.926,3.443,0.415,4.734,23.332,3.385,-8.469,0.0,0.0,1.122,126.5,0,83.23075721,3067.536812,10.56103123,0,30.07,-33.101,52.03,54.38,3.111,-0.839,0,0,0,4.898,183.89,0,0,11,2001
31-12-2001,396.87,91.88,122.44,141.6666667,112.5,-2.259,-4.411,2.613,-5.822,1.582,23.801,0.83,-7.709,0.0,0.0,1.157,127.08,12.8,89.90631268,3127.884472,10.5578319,0,6.676,60.348,52.3,54.42,0.519,-5.092,0,0,0,4.798,183.76,0,0,12,2001
31-01-2002,389.18,91.98,125.31,146.0,112.5,2.344,-5.668,0.109,-3.332,-1.938,27.68,3.059,-5.502,0.0,0.0,1.165,129.25,12.8,89.90631268,3127.884472,10.5578319,0,6.676,60.348,52.44,55.1,0.268,-4.556,0,0,0,4.787,181.49,0,0,1,2002
28-02-2002,364.92,90.82,123.28,150.25,112.5,-1.62,-3.77,-1.261,-1.25,-6.234,20.126,2.911,-5.503,0.0,0.0,1.219,131.38,12.8,89.90631268,3127.884472,10.5578319,0,6.676,60.348,50.93,54.3,-2.879,-2.583,0,0,0,4.798,184.16,0,0,2,2002
31-03-2002,359.21,89.61,122.54,149.75,112.5,-0.6,-5.883,-1.332,-0.709,-1.565,9.639,-0.333,-5.892,0.0,0.0,1.222,131.12,12.8,89.90631268,3127.884472,10.5578319,0,6.676,60.348,50.36,53.78,-1.119,-3.482,0,0,0,4.787,185.94,0,0,3,2002
30-04-2002,370.86,87.13,123.72,147.8,112.5,0.963,-4.589,-2.768,-0.977,3.243,13.757,-1.302,-2.313,0.0,0.0,1.195,130.15,12.8,89.90631268,3127.884472,10.5578319,0,6.676,60.348,50.53,53.34,0.338,-2.912,0,0,0,4.77,187.48,0,0,4,2002
31-05-2002,399.89,90.27,121.46,143.875,112.5,-1.827,-9.936,3.604,7.349,7.828,35.478,-2.656,1.32,0.0,0.0,1.185,128.19,12.8,89.90631268,3127.884472,10.5578319,0,6.676,60.348,51.96,53.72,2.83,-2.363,0,0,0,4.748,186.15,0,0,5,2002
30-06-2002,456.81,94.09,132.03,149.5,112.5,8.702,3.773,4.232,12.94,14.234,59.228,3.91,12.3,0.0,0.0,1.132,131.0,12.8,89.90631268,3127.884472,10.5578319,0,6.676,60.348,56.61,57.24,8.949,7.919,0,0,0,5.114,174.7,0,0,6,2002
31-07-2002,489.63,98.69,149.31,160.5,112.5,13.088,20.616,4.889,7.587,7.185,16.202,7.358,18.889,0.0,0.0,1.075,136.5,12.8,89.90631268,3127.884472,10.5578319,0,6.676,60.348,61.45,62.52,8.55,14.338,0,0,0,4.091,159.95,0,0,7,2002
31-08-2002,502.75,108.93,161.26,162.5,112.5,8.003,32.267,10.376,16.953,2.68,17.605,1.246,20.37,0.0,0.0,1.008,137.5,12.8,89.90631268,3127.884472,10.5578319,0,6.676,60.348,65.76,68.19,7.014,24.753,0,0,0,4.402,146.65,1,1,8,2002
30-09-2002,505.67,114.14,187.84,160.9,112.5,16.483,53.929,4.783,26.71,0.581,31.312,-0.985,19.185,0.0,0.0,0.857,136.7,12.8,89.90631268,3127.884472,10.5578319,0,6.676,60.348,70.93,75.76,7.862,40.818,0,0,0,4.279,132.0,0,0,9,2002
31-10-2002,528.57,109.7,190.32,156.25,112.5,1.32,54.305,-3.89,26.733,4.529,41.696,-2.89,14.974,0.0,0.0,0.821,134.38,12.8,89.90631268,3127.884472,10.5578319,0,6.676,60.348,71.38,75.06,0.634,41.383,0,0,0,4.088,133.23,0,0,10,2002
30-11-2002,582.0,108.93,177.38,151.5,112.5,-6.799,41.598,-0.702,21.655,10.108,48.967,-3.04,7.829,0.0,0.0,0.854,132.0,12.8,89.90631268,3127.884472,10.5578319,0,6.676,60.348,71.42,71.88,0.056,32.181,0,0,0,4.175,139.12,0,0,11,2002
31-12-2002,591.03,106.96,162.48,147.5,112.5,-8.4,32.702,-1.809,16.413,1.552,48.923,-2.64,4.118,0.0,0.0,0.908,130.0,12.9,91.68000289,3099.844847,10.5313784,0.1,1.774,-28.04,69.13,67.9,-3.206,24.77,0,0,0,4.483,147.28,0,0,12,2002
31-01-2003,540.72,106.1361,149.608,149.75,112.5,-7.922,19.39,-0.77,15.39,-8.512,38.938,1.525,2.568,0.0,0.0,1.001,131.12,12.9,91.68000289,3099.844847,10.5313784,0.1,1.774,-28.04,64.98,64.72,-6.003,17.459,0,0,0,5.085,154.51,0,0,1,2003
28-02-2003,522.43,105.8507,150.8382,155.25,112.5,0.822,22.354,-0.269,16.55,-3.383,43.163,3.673,3.328,0.0,0.0,1.029,133.88,12.9,91.68000289,3099.844847,10.5313784,0.1,1.774,-28.04,64.37,64.92,-0.939,19.558,0,0,0,4.947,154.04,0,0,2,2003
31-03-2003,522.52,105.6047,141.8087,177.2,112.5,-5.986,15.724,-0.232,17.849,0.017,45.464,14.138,18.331,0.0,0.0,1.25,144.85,12.9,91.68000289,3099.844847,10.5313784,0.1,1.774,-28.04,62.95,62.78,-2.206,16.735,0,0,0,5.021,159.29,0,0,3,2003
30-04-2003,540.9,105.457,138.6155,181.5,112.5,-2.252,12.04,-0.14,21.034,3.518,45.85,2.427,22.801,0.0,0.0,1.309,147.0,12.9,91.68000289,3099.844847,10.5313784,0.1,1.774,-28.04,63.18,62.01,0.365,16.254,0,0,0,5.02,161.26,0,0,4,2003
31-05-2003,549.24,107.4943,141.9618,178.4375,112.5,2.414,16.879,1.932,19.081,1.542,37.348,-1.687,24.023,0.0,0.0,1.257,145.47,12.9,91.68000289,3099.844847,10.5313784,0.1,1.774,-28.04,64.42,63.36,1.963,17.945,0,0,0,5.013,157.83,0,0,5,2003
30-06-2003,545.85,107.327,131.3528,171.3,112.5,-7.473,-0.513,-0.156,14.068,-0.617,19.492,-4.0,14.582,0.0,0.0,1.304,141.9,12.9,91.68000289,3099.844847,10.5313784,0.1,1.774,-28.04,62.63,60.89,-2.779,6.377,0,0,0,4.648,164.23,0,0,6,2003
31-07-2003,531.41,96.80591,131.6174,176.375,112.5,0.201,-11.85,-9.803,-1.909,-2.645,8.533,2.963,9.891,0.0,0.0,1.34,144.44,12.9,91.68000289,3099.844847,10.5313784,0.1,1.774,-28.04,60.07,57.92,-4.087,-7.358,0,0,0,4.175,172.65,0,0,7,2003
31-08-2003,515.69,100.6591,148.7172,175.625,112.5,12.992,-7.778,3.98,-7.593,-2.958,2.574,-0.425,8.077,0.0,0.0,1.181,144.06,12.9,91.68000289,3099.844847,10.5313784,0.1,1.774,-28.04,62.78,62.94,4.511,-7.699,0,0,0,3.835,158.88,0,0,8,2003
30-09-2003,558.02,104.0791,145.623,171.3,112.5,-2.081,-22.475,3.398,-8.815,8.208,10.353,-2.463,6.464,0.0,0.0,1.176,141.9,12.9,91.68000289,3099.844847,10.5313784,0.1,1.774,-28.04,64.68,63.22,3.026,-16.552,0,0,0,3.077,158.18,0,0,9,2003
31-10-2003,608.26,105.3881,147.4558,166.375,112.5,1.259,-22.522,1.258,-3.931,9.003,15.077,-2.875,6.48,0.0,0.0,1.128,139.44,12.9,91.68000289,3099.844847,10.5313784,0.1,1.774,-28.04,67.24,64.02,3.958,-14.708,0,0,0,3.348,156.2,0,0,10,2003
30-11-2003,630.62,108.4834,160.5453,169.375,112.5,8.877,-9.491,2.937,-0.41,3.676,8.354,1.803,11.799,0.0,0.0,1.055,140.94,12.9,91.68000289,3099.844847,10.5313784,0.1,1.774,-28.04,70.73,67.9,5.19,-5.537,0,0,0,3.724,147.28,0,0,11,2003
31-12-2003,637.36,111.1555,165.5735,187.5,112.5,3.132,1.904,2.463,3.922,1.069,7.839,10.701,27.119,0.0,0.0,1.132,150.0,12.8,98.59893156,3085.232413,10.55874261,-0.1,6.919,-14.612,72.28,69.82,2.191,2.828,0,0,0,3.629,143.23,0,0,12,2003
31-01-2004,656.97,115.520475,166.3271387,204.25,112.5,0.455,11.175,3.927,8.842,3.077,21.499,8.933,36.394,0.0,0.0,1.228,158.38,12.8,98.59893156,3085.232413,10.55874261,-0.1,6.919,-14.612,74.02,71.24,2.407,10.074,0,0,0,3.037,140.37,0,0,1,2004
29-02-2004,682.08,123.541705,161.3914672,211.5,112.5,-2.967,6.996,6.944,16.713,3.822,30.559,3.55,36.232,0.0,0.0,1.31,162.0,12.8,98.59893156,3085.232413,10.55874261,-0.1,6.919,-14.612,75.82,72.42,2.432,11.553,0,0,0,2.983,138.08,0,0,2,2004
31-03-2004,689.43,127.84758,166.2798042,205.3,112.5,3.029,17.256,3.485,21.062,1.078,31.943,-2.931,15.858,0.0,0.0,1.235,158.9,12.8,98.59893156,3085.232413,10.55874261,-0.1,6.919,-14.612,77.69,74.78,2.466,19.114,0,0,0,2.765,133.73,0,0,3,2004
30-04-2004,672.46,133.496888,166.5844267,199.375,112.5,0.183,20.177,4.419,26.589,-2.461,24.322,-2.886,9.848,0.0,0.0,1.197,155.94,12.8,98.59893156,3085.232413,10.55874261,-0.1,6.919,-14.612,78.13,76.47,0.566,23.319,0,0,0,2.756,130.77,0,0,4,2004
31-05-2004,627.96,128.216655,163.7343865,191.1,112.5,-1.711,15.337,-3.955,19.278,-6.617,14.333,-4.15,7.096,0.0,0.0,1.167,151.8,12.8,98.59893156,3085.232413,10.55874261,-0.1,6.919,-14.612,74.89,74.3,-4.147,17.266,0,0,0,3.248,134.59,0,0,5,2004
30-06-2004,581.74,123.32026,154.7433417,190.625,112.5,-5.491,17.807,-3.819,14.901,-7.36,6.575,-0.249,11.281,0.0,0.0,1.232,151.56,12.8,98.59893156,3085.232413,10.55874261,-0.1,6.919,-14.612,70.71,70.84,-5.582,16.341,0,0,0,3.645,141.16,0,0,6,2004
31-07-2004,605.08,104.846826,150.6009303,201.5,112.5,-2.677,14.423,-14.98,8.306,4.012,13.863,5.705,14.245,0.0,0.0,1.338,157.0,12.8,98.59893156,3085.232413,10.55874261,-0.1,6.919,-14.612,67.49,64.58,-4.554,11.499,0,0,0,3.707,154.85,0,0,7,2004
31-08-2004,604.65,104.054545,141.2948085,208.1,125.9,-6.179,-4.991,-0.756,3.373,-0.071,17.251,3.275,18.491,11.911,11.911,1.473,167.0,12.8,98.59893156,3085.232413,10.55874261,-0.1,6.919,-14.612,65.9,62.22,-2.356,-1.144,0,0,0,3.652,160.72,0,0,8,2004
30-09-2004,601.6,97.868848,151.0348555,208.5,143.5,6.893,3.716,-5.945,-5.967,-0.504,7.81,0.192,21.716,13.979,27.556,1.38,176.0,12.8,98.59893156,3085.232413,10.55874261,-0.1,6.919,-14.612,66.07,62.67,0.258,-0.87,0,0,0,3.562,159.57,0,0,9,2004
31-10-2004,583.49,93.79426,150.1460087,211.75,146.0,-0.589,1.824,-4.163,-11.001,-3.01,-4.072,1.559,27.273,1.742,29.778,1.41,178.88,12.8,98.59893156,3085.232413,10.55874261,-0.1,6.919,-14.612,64.43,61.3,-2.482,-4.249,0,0,0,3.433,163.13,0,0,10,2004
30-11-2004,561.19,93.74505,156.5686684,213.8,151.2,4.278,-2.477,-0.052,-13.586,-3.822,-11.01,0.968,26.229,3.562,34.4,1.366,182.5,12.8,98.59893156,3085.232413,10.55874261,-0.1,6.919,-14.612,64.5,62.76,0.109,-7.57,0,0,0,2.977,159.34,0,0,11,2004
31-12-2004,552.06,95.388664,153.8743247,211.125,152.5,-1.721,-7.066,1.753,-14.184,-1.627,-13.383,-1.251,12.6,0.86,35.556,1.372,181.81,12.4,97.47574697,3372.547026,10.57925941,-0.4,-1.123,287.315,64.03,62.6,-0.729,-10.341,0,0,0,2.833,159.74,0,0,12,2004
31-01-2005,519.98,96.25476,153.5931336,208.6,152.5,-0.183,-7.656,0.908,-16.677,-5.811,-20.852,-1.196,2.13,0.0,35.556,1.358,180.55,12.4,97.47574697,3372.547026,10.57925941,-0.4,-1.123,287.315,62.86,62.79,-1.827,-11.861,0,0,0,2.631,159.26,0,0,1,2005
28-02-2005,495.73,94.13873,151.1686798,207.125,152.5,-1.578,-6.334,-2.198,-23.8,-4.664,-27.321,-0.707,-2.069,0.0,35.556,1.37,179.81,12.4,97.47574697,3372.547026,10.57925941,-0.4,-1.123,287.315,61.1,61.63,-2.8,-14.899,0,0,0,2.374,162.26,0,0,2,2005
31-03-2005,543.69,99.876616,150.985864,210.625,152.5,-0.121,-9.198,6.095,-21.878,9.675,-21.139,1.69,2.594,0.0,35.556,1.395,181.56,12.4,97.47574697,3372.547026,10.57925941,-0.4,-1.123,287.315,64.11,63.24,4.926,-15.432,0,0,0,2.833,158.13,0,0,3,2005
30-04-2005,545.88,96.279365,140.8769805,214.75,152.5,-6.695,-15.432,-3.602,-27.879,0.403,-18.823,1.958,7.712,0.0,35.556,1.524,183.62,12.4,97.47574697,3372.547026,10.57925941,-0.4,-1.123,287.315,61.97,59.89,-3.338,-21.682,0,0,0,2.792,166.97,0,0,4,2005
31-05-2005,537.98,95.41819,143.3300579,217.2,152.5,1.741,-12.462,-0.894,-25.581,-1.447,-14.329,1.141,13.658,0.0,35.556,1.515,184.85,12.4,97.47574697,3372.547026,10.57925941,-0.4,-1.123,287.315,61.86,60.2,-0.178,-18.977,0,0,0,2.733,166.11,0,0,5,2005
30-06-2005,560.15,97.101172,141.9307762,224.25,152.5,-0.976,-8.28,1.764,-21.261,4.121,-3.711,3.246,17.639,0.0,35.556,1.58,188.38,12.4,97.47574697,3372.547026,10.57925941,-0.4,-1.123,287.315,62.86,60.37,1.617,-14.78,0,0,0,2.55,165.65,0,0,6,2005
31-07-2005,561.26,107.52385,143.8698399,228.25,152.5,1.366,-4.469,10.734,2.553,0.198,-7.242,1.784,13.275,0.0,35.556,1.587,190.38,12.4,97.47574697,3372.547026,10.57925941,-0.4,-1.123,287.315,65.2,63.81,3.723,-1.192,0,0,0,2.605,156.72,0,0,7,2005
31-08-2005,550.08,101.66786,149.3590247,231.5,152.5,3.815,5.707,-5.446,-2.294,-1.992,-9.025,1.424,11.245,0.0,21.128,1.55,192.0,12.4,97.47574697,3372.547026,10.57925941,-0.4,-1.123,287.315,64.46,63.38,-1.135,1.864,0,0,0,2.538,157.78,0,0,8,2005
30-09-2005,545.16,96.35318,159.7086581,240.75,152.5,6.929,5.743,-5.227,-1.549,-0.894,-9.382,3.996,15.468,0.0,6.272,1.507,196.62,12.4,97.47574697,3372.547026,10.57925941,-0.4,-1.123,287.315,64.83,64.22,0.574,2.473,0,0,0,2.544,155.71,0,0,9,2005
31-10-2005,578.62,101.938515,167.8267127,246.375,152.5,5.083,11.776,5.797,8.683,6.138,-0.835,2.336,16.352,0.0,4.452,1.468,199.44,12.4,97.47574697,3372.547026,10.57925941,-0.4,-1.123,287.315,68.48,67.68,5.63,10.408,0,0,0,2.913,147.75,0,0,10,2005
30-11-2005,558.93,95.36898,161.1163516,246.125,167.5,-3.998,2.905,-6.445,1.732,-3.403,-0.403,-0.101,15.119,9.836,10.78,1.528,206.81,12.4,97.47574697,3372.547026,10.57925941,-0.4,-1.123,287.315,65.41,64.26,-4.483,2.39,0,0,0,3.257,155.62,0,0,11,2005
31-12-2005,537.66,102.140276,164.441046,245.875,167.5,2.064,6.867,7.1,7.078,-3.805,-2.608,-0.102,16.459,0.0,9.836,1.495,206.69,11.9,100.273316,3265.284641,10.61354296,-0.5,2.798,-107.262,66.35,66.96,1.437,6.965,0,0,0,3.263,149.34,0,0,12,2005
31-01-2006,535.83,102.65206,167.1607337,244.3,167.5,1.654,8.833,0.501,6.646,-0.34,3.048,-0.641,17.114,0.0,9.836,1.461,205.9,11.9,100.273316,3265.284641,10.61354296,-0.5,2.798,-107.262,66.79,67.74,0.663,7.883,0,0,0,3.191,147.62,0,0,1,2006
28-02-2006,533.27,107.13017,179.8409259,238.125,167.5,7.586,18.967,4.362,13.8,-0.478,7.573,-2.528,14.967,0.0,9.836,1.324,202.81,11.9,100.273316,3265.284641,10.61354296,-0.5,2.798,-107.262,69.48,71.92,4.028,16.696,0,0,0,3.147,139.04,0,0,2,2006
31-03-2006,540.6,105.250348,174.4359804,233.625,167.5,-3.005,15.531,-1.755,5.38,1.375,-0.568,-1.89,10.92,0.0,9.836,1.339,200.56,11.9,100.273316,3265.284641,10.61354296,-0.5,2.798,-107.262,68.59,70.14,-1.281,10.911,0,0,0,2.97,142.57,0,0,3,2006
30-04-2006,540.44,107.72069,180.3460546,231.75,167.5,3.388,28.017,2.347,11.883,-0.03,-0.997,-0.803,7.916,0.0,9.836,1.285,199.62,11.9,100.273316,3265.284641,10.61354296,-0.5,2.798,-107.262,69.96,72.2,1.997,20.554,0,0,0,2.715,138.5,0,0,4,2006
31-05-2006,588.29,110.648685,193.1667223,232.9,167.5,7.109,34.771,2.718,15.962,8.854,9.352,0.496,7.228,0.0,9.836,1.206,200.2,11.9,100.273316,3265.284641,10.61354296,-0.5,2.798,-107.262,74.41,75.98,6.361,26.213,0,0,0,3.078,131.61,0,0,5,2006
30-06-2006,600.55,109.403672,195.1640032,232.375,167.5,1.034,37.506,-1.125,12.67,2.084,7.212,-0.225,3.623,0.0,9.836,1.191,199.94,11.9,100.273316,3265.284641,10.61354296,-0.5,2.798,-107.262,74.97,76.08,0.753,26.023,0,0,0,3.087,131.44,0,0,6,2006
31-07-2006,630.01,113.99108,202.4286135,230.3,172.5,3.722,40.703,4.193,6.015,4.906,12.249,-0.893,0.898,2.985,13.115,1.138,201.4,11.9,100.273316,3265.284641,10.61354296,-0.5,2.798,-107.262,78.15,79.06,4.242,23.899,0,0,0,3.124,126.49,0,0,7,2006
31-08-2006,632.18,116.588332,189.9146689,228.25,192.5,-6.182,27.153,2.278,14.676,0.344,14.925,-0.89,-1.404,11.594,26.23,1.202,210.38,11.9,100.273316,3265.284641,10.61354296,-0.5,2.798,-107.262,76.82,76.94,-1.702,21.395,0,0,0,3.173,129.97,0,0,8,2006
30-09-2006,602.35,121.74554,195.9815499,225.125,192.5,3.195,22.712,4.423,26.353,-4.719,10.49,-1.369,-6.49,0.0,26.23,1.149,208.81,11.9,100.273316,3265.284641,10.61354296,-0.5,2.798,-107.262,77.53,79.82,0.924,24.291,0,0,0,3.165,125.28,0,0,9,2006
31-10-2006,614.71,142.16769,212.0940866,218.5,192.5,8.221,26.377,16.774,39.464,2.052,6.237,-2.943,-11.314,0.0,26.23,1.03,205.5,11.9,100.273316,3265.284641,10.61354296,-0.5,2.798,-107.262,84.4,89.37,8.861,32.048,0,0,0,3.645,111.89,0,0,10,2006
30-11-2006,675.67,164.538556,209.6806537,219.375,192.5,-1.138,30.142,15.736,72.528,9.917,20.886,0.4,-10.868,0.0,14.925,1.046,205.94,11.9,100.273316,3265.284641,10.61354296,-0.5,2.798,-107.262,90.78,95.25,7.559,48.226,0,0,0,3.403,104.99,0,0,11,2006
31-12-2006,698.12,160.37539,204.3062876,223.8333333,192.5,-2.563,24.243,-2.53,57.015,3.323,29.844,2.032,-8.965,0.0,14.925,1.096,208.17,11.0,101.2482411,3309.220944,10.62677023,-0.9,0.975,43.936,90.07,92.82,-0.782,38.62,0,0,0,3.542,107.74,0,0,12,2006
31-01-2007,697.33,164.774764,196.066157,249.2,192.5,-4.033,17.292,2.743,60.518,-0.113,30.14,11.333,2.006,0.0,14.925,1.271,220.85,11.0,101.2482411,3309.220944,10.62677023,-0.9,0.975,43.936,89.63,92.2,-0.489,36.109,0,0,0,3.615,108.46,0,0,1,2007
28-02-2007,715.04,177.3489032,199.9822587,317.625,192.5,1.997,11.2,7.631,65.545,2.54,34.086,27.458,33.386,0.0,14.925,1.588,255.06,11.0,101.2482411,3309.220944,10.62677023,-0.9,0.975,43.936,93.35,96.72,4.15,34.483,0,0,0,3.62,103.39,1,1,2,2007
31-03-2007,719.03,170.5067448,199.0982004,387.0,192.5,-0.442,14.138,-3.858,62.001,0.558,33.006,21.842,65.65,0.0,14.925,1.944,289.75,11.0,101.2482411,3309.220944,10.62677023,-0.9,0.975,43.936,92.06,94.54,-1.382,34.788,0,0,0,3.63,105.78,1,1,3,2007
30-04-2007,753.7,152.74784,198.3077916,404.6,192.5,-0.397,9.96,-10.415,41.8,4.822,39.46,4.548,74.585,0.0,14.925,2.04,298.55,11.0,101.2482411,3309.220944,10.62677023,-0.9,0.975,43.936,89.94,89.26,-2.303,23.629,0,0,0,3.891,112.03,1,1,4,2007
31-05-2007,788.7,160.22776,195.7212822,392.0,192.5,-1.304,1.322,4.897,44.808,4.644,34.067,-3.114,68.313,0.0,14.925,2.003,292.25,11.0,101.2482411,3309.220944,10.62677023,-0.9,0.975,43.936,92.39,90.82,2.724,19.531,0,0,0,3.672,110.11,0,0,5,2007
30-06-2007,835.55,165.24718,223.0391802,387.875,192.5,13.958,14.283,3.133,51.044,5.94,39.131,-1.052,66.918,0.0,14.925,1.739,290.19,11.0,101.2482411,3309.220944,10.62677023,-0.9,0.975,43.936,99.41,98.5,7.598,29.469,0,0,0,3.998,101.52,1,1,6,2007
31-07-2007,887.12,146.84264,238.4067098,398.5,192.5,6.89,17.773,-11.138,28.819,6.172,40.81,2.739,73.035,0.0,11.594,1.672,295.5,11.0,101.2482411,3309.220944,10.62677023,-0.9,0.975,43.936,100.31,96.73,0.905,22.35,1,0,0,3.978,103.38,1,1,7,2007
31-08-2007,921.79,151.17312,259.7273079,401.625,192.5,8.943,36.76,2.949,29.664,3.908,45.811,0.784,75.958,0.0,0.0,1.546,297.06,11.0,101.2482411,3309.220944,10.62677023,-0.9,0.975,43.936,105.79,102.85,5.463,33.676,1,0,0,3.88,97.23,1,1,8,2007
30-09-2007,977.48,159.4404,326.544863,399.625,197.5,25.726,66.62,5.469,30.962,6.042,62.278,-0.498,77.512,2.597,2.597,1.224,298.56,11.0,101.2482411,3309.220944,10.62677023,-0.9,0.975,43.936,119.81,120.5,13.253,50.965,1,0,0,4.857,82.99,1,1,9,2007
31-10-2007,1007.69,164.16456,335.146203,406.0,202.5,2.634,58.018,2.963,15.472,3.091,63.929,1.595,85.812,2.532,5.195,1.211,304.25,11.0,101.2482411,3309.220944,10.62677023,-0.9,0.975,43.936,123.24,123.83,2.863,38.559,1,0,0,4.589,80.76,1,1,10,2007
30-11-2007,1141.52,171.2508,321.8133098,447.0,202.5,-3.978,53.478,4.317,4.079,13.281,68.946,10.099,103.761,0.0,5.195,1.389,324.75,11.0,101.2482411,3309.220944,10.62677023,-0.9,0.975,43.936,127.97,122.82,3.838,28.945,1,0,0,4.397,81.42,1,1,11,2007
31-12-2007,1187.73,180.2542616,368.6200623,512.5,202.5,14.545,80.425,5.257,12.395,4.048,70.133,14.653,128.965,0.0,5.195,1.39,357.5,10.1,100.5460204,3366.704084,10.53971248,-0.9,-0.702,57.483,138.7,136.11,8.385,46.639,1,1,0,4.478,73.47,1,2,12,2007
31-01-2008,1280.2,206.662316,370.660957,593.875,230.625,0.554,89.049,14.65,25.421,7.785,83.586,15.878,138.313,13.889,19.805,1.602,412.25,10.1,100.5460204,3366.704084,10.53971248,-0.9,-0.702,57.483,147.81,144.17,6.568,56.367,1,1,0,4.332,69.36,1,2,1,2008
29-02-2008,1414.17,220.06712,424.9956591,692.5,240.0,14.659,112.517,6.486,24.087,10.465,97.775,16.607,118.024,4.065,24.675,1.629,466.25,10.1,100.5460204,3366.704084,10.53971248,-0.9,-0.702,57.483,164.07,160.45,11.001,65.891,1,1,0,4.737,62.32,1,2,2,2008
31-03-2008,1488.74,234.357704,439.7160918,862.2,240.0,3.464,120.854,6.494,37.448,5.273,107.048,24.505,122.791,0.0,24.675,1.961,551.1,10.1,100.5460204,3366.704084,10.53971248,-0.9,-0.702,57.483,172.06,167.92,4.87,77.618,1,1,0,4.306,59.55,1,2,3,2008
30-04-2008,1422.23,246.44368,362.2292471,953.5,393.0,-17.622,82.66,5.157,61.34,-4.468,88.7,10.589,135.665,63.75,104.156,2.632,673.25,10.1,100.5460204,3366.704084,10.53971248,-0.9,-0.702,57.483,159.88,153.68,-7.079,72.171,1,1,0,5.212,65.07,1,2,4,2008
31-05-2008,1437.87,243.4556488,328.7617127,997.5,546.0,-9.239,67.974,-1.212,51.943,1.1,82.309,4.615,154.464,38.931,183.636,3.034,771.75,10.1,100.5460204,3366.704084,10.53971248,-0.9,-0.702,57.483,154.83,145.17,-3.159,59.844,1,1,0,5.702,68.88,1,2,5,2008
30-06-2008,1535.16,287.110824,348.5530782,1004.1,546.0,6.02,56.274,17.931,73.746,6.766,83.73,0.662,158.872,0.0,183.636,2.881,775.05,10.1,100.5460204,3366.704084,10.53971248,-0.9,-0.702,57.483,170.15,162.24,9.895,64.711,1,1,0,5.851,61.64,1,2,6,2008
31-07-2008,1506.98,265.34032,328.1836044,1075.75,546.0,-5.844,37.657,-7.583,80.697,-1.836,69.873,7.136,169.95,0.0,183.636,3.278,810.88,10.1,100.5460204,3366.704084,10.53971248,-0.9,-0.702,57.483,161.73,151.32,-4.949,56.435,1,1,0,6.416,66.09,1,2,7,2008
31-08-2008,1329.64,235.02696,329.3441505,1065.0,546.0,0.354,26.804,-11.424,55.469,-11.768,44.245,-0.999,165.173,0.0,183.636,3.234,805.5,10.1,100.5460204,3366.704084,10.53971248,-0.9,-0.702,57.483,148.94,142.88,-7.908,38.921,1,1,0,7.287,69.99,1,2,8,2008
30-09-2008,1201.02,233.84592,295.5503342,980.0,546.0,-10.261,-9.492,-0.503,46.667,-9.673,22.869,-7.981,145.23,0.0,176.456,3.316,763.0,10.1,100.5460204,3366.704084,10.53971248,-0.9,-0.702,57.483,138.37,134.81,-7.097,11.876,1,1,0,7.082,74.18,0,1,9,2008
31-10-2008,942.53,183.0612,237.3840776,910.0,546.0,-19.681,-29.17,-21.717,11.511,-21.523,-6.466,-7.143,124.138,0.0,169.63,3.833,728.0,10.1,100.5460204,3366.704084,10.53971248,-0.9,-0.702,57.483,109.33,106.91,-20.987,-13.664,1,0,1,9.559,93.54,0,1,10,2008
30-11-2008,825.64,163.77088,226.8462327,710.0,546.0,-4.439,-29.51,-10.538,-4.368,-12.402,-27.672,-21.978,58.837,0.0,169.63,3.13,628.0,10.1,100.5460204,3366.704084,10.53971248,-0.9,-0.702,57.483,99.31,98.96,-9.165,-19.427,0,0,0,9.751,101.05,0,0,11,2008
31-12-2008,745.55,158.25936,220.1354096,495.0,546.0,-2.958,-40.281,-3.365,-12.202,-9.7,-37.229,-30.282,-3.415,0.0,169.63,2.249,520.5,9.5,101.1341307,3534.91475,10.54767136,-0.6,0.588,168.211,93.99,95.84,-5.357,-29.586,0,0,0,9.262,104.34,0,0,12,2008
31-01-2009,789.89,172.82552,239.1142672,308.875,546.0,8.621,-35.49,9.204,-16.373,5.947,-38.299,-37.601,-47.99,0.0,136.748,1.292,427.44,9.5,101.1341307,3534.91475,10.54767136,-0.6,0.588,168.211,101.47,104.36,7.958,-27.613,1,0,0,9.397,95.82,0,0,1,2009
28-02-2009,747.64,163.3772,224.6875421,313.75,580.125,-6.033,-47.132,-5.467,-25.76,-5.349,-47.132,1.578,-54.693,6.25,141.719,1.396,446.94,9.5,101.1341307,3534.91475,10.54767136,-0.6,0.588,168.211,95.75,98.34,-5.637,-38.71,0,0,0,8.369,101.69,0,0,2,2009
31-03-2009,730.71,164.55824,230.9817327,317.8,682.5,2.801,-47.47,0.723,-29.783,-2.264,-50.918,1.291,-63.141,17.647,184.375,1.376,500.15,9.5,101.1341307,3534.91475,10.54767136,-0.6,0.588,168.211,96.25,100.12,0.522,-40.376,0,0,0,8.035,99.88,0,0,3,2009
30-04-2009,809.08,168.49504,233.4731285,300.625,682.5,1.079,-35.545,2.392,-31.629,10.725,-43.112,-5.404,-68.471,0.0,73.664,1.288,491.56,9.5,101.1341307,3534.91475,10.54767136,-0.6,0.588,168.211,100.55,101.82,4.468,-33.745,1,0,0,8.371,98.21,0,0,4,2009
31-05-2009,889.62,179.91176,261.4817346,267.875,682.5,11.997,-20.465,6.776,-26.101,9.955,-38.129,-10.894,-73.145,0.0,25.0,1.024,475.19,9.5,101.1341307,3534.91475,10.54767136,-0.6,0.588,168.211,110.26,111.52,9.657,-23.18,1,0,0,9.189,89.67,0,0,5,2009
30-06-2009,892.92,179.51808,256.6449315,256.1,682.5,-1.85,-26.368,-0.219,-37.474,0.371,-41.835,-4.396,-74.495,0.0,25.0,0.998,469.3,9.5,101.1341307,3534.91475,10.54767136,-0.6,0.588,168.211,109.58,110.29,-0.617,-32.02,1,0,0,8.378,90.67,0,0,6,2009
31-07-2009,846.3,151.5668,224.8503833,263.25,615.625,-12.389,-31.486,-15.57,-42.878,-5.221,-43.841,2.792,-75.529,-9.799,12.752,1.171,439.44,9.5,101.1341307,3534.91475,10.54767136,-0.6,0.588,168.211,97.5,94.98,-11.024,-37.232,0,0,0,8.668,105.29,0,0,7,2009
31-08-2009,903.15,151.96048,210.3729081,276.4,530.0,-6.439,-36.124,0.26,-35.343,6.717,-32.076,4.995,-74.047,-13.909,-2.93,1.314,403.2,9.5,101.1341307,3534.91475,10.54767136,-0.6,0.588,168.211,97.66,91.79,0.164,-35.757,0,0,0,8.63,108.94,0,0,8,2009
30-09-2009,858.18,150.38576,191.0933295,280.625,425.0,-9.164,-35.343,-1.036,-35.69,-4.979,-28.546,1.529,-71.365,-19.811,-22.161,1.469,352.81,9.5,101.1341307,3534.91475,10.54767136,-0.6,0.588,168.211,92.6,86.92,-5.181,-35.524,0,0,0,8.567,115.05,0,0,9,2009
31-10-2009,897.0,167.314,198.8488684,271.625,425.0,4.059,-16.233,11.257,-8.602,4.524,-4.831,-3.207,-70.151,0.0,-22.161,1.366,348.31,9.5,101.1341307,3534.91475,10.54767136,-0.6,0.588,168.211,98.6,93.57,6.479,-12.478,0,0,0,6.789,106.87,0,0,10,2009
30-11-2009,932.38,171.64448,211.0383493,273.2,425.0,6.13,-6.969,2.588,4.808,3.944,12.928,0.58,-61.521,0.0,-22.161,1.295,349.1,9.5,101.1341307,3534.91475,10.54767136,-0.6,0.588,168.211,102.72,97.6,4.178,-1.374,1,0,0,6.345,102.46,0,0,11,2009
31-12-2009,939.91,164.55824,206.2514056,331.5,425.0,-2.268,-6.307,-4.128,3.98,0.808,26.069,21.34,-33.03,0.0,-22.161,1.607,378.25,9.1,102.7813096,3554.14602,10.59687654,-0.4,1.647,19.231,100.93,94.47,-1.743,-1.429,1,0,0,6.126,105.85,0,0,12,2009
31-01-2010,920.55,167.314,201.190932,383.0,389.375,-2.454,-15.86,1.675,-3.189,-2.06,16.542,15.535,23.998,-8.382,-28.686,1.904,386.19,9.1,102.7813096,3554.14602,10.59687654,-0.4,1.647,19.231,99.91,94.1,-1.011,-9.831,0,0,0,5.701,106.27,0,0,1,2010
28-02-2010,909.19,161.80248,194.0,413.625,374.375,-3.574,-13.658,-3.294,-0.964,-1.234,21.608,7.996,31.833,-3.852,-35.466,2.132,394.0,9.1,102.7813096,3554.14602,10.59687654,-0.4,1.647,19.231,97.29,90.88,-2.622,-7.586,0,0,0,5.492,110.04,0,0,2,2010
31-03-2010,911.07,159.04672,191.0750718,424.5,340.0,-1.508,-17.277,-1.703,-3.349,0.207,24.683,2.629,33.575,-9.182,-50.183,2.222,382.25,9.1,102.7813096,3554.14602,10.59687654,-0.4,1.647,19.231,96.4,89.42,-0.915,-10.687,0,0,0,5.501,111.83,0,0,3,2010
30-04-2010,902.83,157.07832,192.87,417.5,340.0,0.939,-17.391,-1.238,-6.776,-0.904,11.587,-1.649,38.877,0.0,-50.183,2.165,378.75,9.1,102.7813096,3554.14602,10.59687654,-0.4,1.647,19.231,95.96,89.26,-0.456,-12.335,0,0,0,5.331,112.03,0,0,4,2010
31-05-2010,859.49,163.3772,181.605589,410.0,334.5,-5.84,-30.548,4.01,-9.19,-4.8,-3.387,-1.796,53.056,-1.618,-50.989,2.258,372.25,9.1,102.7813096,3554.14602,10.59687654,-0.4,1.647,19.231,93.7,88.5,-2.355,-20.642,0,0,0,4.335,112.99,0,0,5,2010
30-06-2010,860.28,152.74784,157.6720985,392.5,312.5,-13.179,-38.564,-6.506,-14.912,0.092,-3.655,-4.268,53.26,-6.577,-54.212,2.489,352.5,9.1,102.7813096,3554.14602,10.59687654,-0.4,1.647,19.231,88.05,79.96,-6.03,-27.5,0,0,0,4.539,125.06,0,0,6,2010
31-07-2010,910.82,163.75682,195.8176906,418.125,312.5,24.193,-12.912,7.207,8.043,5.875,7.624,6.529,58.832,0.0,-49.239,2.135,365.31,9.1,102.7813096,3554.14602,10.59687654,-0.4,1.647,19.231,98.01,91.86,11.312,-3.285,0,0,0,4.935,108.86,0,0,7,2010
31-08-2010,997.62,175.58128,246.2472245,459.9,312.5,25.753,17.053,7.221,15.544,9.53,10.46,9.991,66.389,0.0,-41.038,1.868,386.2,9.1,102.7813096,3554.14602,10.59687654,-0.4,1.647,19.231,111.47,106.78,13.733,16.331,1,0,0,6.303,93.65,0,0,8,2010
30-09-2010,1035.26,205.89464,271.6735975,506.0,312.5,10.326,42.168,17.265,36.911,3.773,20.634,10.024,80.312,0.0,-26.471,1.863,409.25,9.1,102.7813096,3554.14602,10.59687654,-0.4,1.647,19.231,122.68,121.32,10.057,39.577,1,0,0,6.416,82.43,1,1,9,2010
31-10-2010,1146.75,235.81432,270.2321959,557.25,312.5,-0.531,35.898,14.532,40.941,10.769,27.843,10.128,105.154,0.0,-26.471,2.062,434.88,9.1,102.7813096,3554.14602,10.59687654,-0.4,1.647,19.231,132.69,129.58,8.159,38.485,1,1,0,6.527,77.17,1,2,10,2010
30-11-2010,1231.69,238.1764,274.0807608,554.1,322.5,1.424,29.872,1.002,38.761,7.407,32.102,-0.565,102.818,3.2,-24.118,2.022,438.3,9.1,102.7813096,3554.14602,10.59687654,-0.4,1.647,19.231,137.16,131.14,3.369,34.365,1,1,0,6.515,76.25,1,2,11,2010
31-12-2010,1324.72,250.38048,306.5201044,540.625,322.5,11.836,48.615,5.124,52.153,7.553,40.941,-2.432,63.084,0.0,-24.118,1.764,431.56,8.7,99.5218776,3552.349708,10.60873134,-0.4,-3.259,-1.796,148.2,142.06,8.049,50.376,1,1,0,6.531,70.39,1,2,12,2010
31-01-2011,1365.73,264.94664,326.5565676,547.4,322.5,6.537,62.312,5.818,58.353,3.096,48.36,1.253,42.924,0.0,-17.175,1.676,434.95,8.7,99.5218776,3552.349708,10.60873134,-0.4,-3.259,-1.796,155.71,150.84,5.067,60.298,1,1,0,6.388,66.3,1,2,1,2011
28-02-2011,1359.86,292.89792,348.1203485,413.625,374.375,6.603,79.443,10.55,81.022,-0.43,49.568,-24.438,0.0,16.085,0.0,1.188,394.0,8.7,99.5218776,3552.349708,10.60873134,-0.4,-3.259,-1.796,164.11,163.8,5.395,80.238,1,1,0,6.049,61.05,0,1,2,2011
31-03-2011,1306.53,290.53584,316.7465707,424.5,340.0,-9.012,65.771,-0.806,82.673,-3.922,43.406,2.629,0.0,-9.182,0.0,1.34,382.25,8.7,99.5218776,3552.349708,10.60873134,-0.4,-3.259,-1.796,156.72,155.95,-4.503,74.402,1,1,0,6.424,64.12,0,1,3,2011
30-04-2011,1310.45,319.27448,336.1242956,417.5,340.0,6.118,74.275,9.892,103.258,0.3,45.149,-1.649,0.0,0.0,0.0,1.242,378.75,8.7,99.5218776,3552.349708,10.60873134,-0.4,-3.259,-1.796,165.34,168.64,5.5,88.931,1,1,0,6.25,59.3,0,1,4,2011
31-05-2011,1296.03,307.85776,355.2778856,410.0,334.5,5.698,95.632,-3.576,88.434,-1.1,50.791,-1.796,0.0,-1.618,0.0,1.154,372.25,8.7,99.5218776,3552.349708,10.60873134,-0.4,-3.259,-1.796,165.49,169.74,0.091,91.797,1,1,0,6.031,58.91,0,1,5,2011
30-06-2011,1319.38,310.61352,326.4299292,575.875,355.0,-8.12,107.031,0.895,103.351,1.802,53.366,40.457,46.72,6.129,13.6,1.764,465.44,8.7,99.5218776,3552.349708,10.60873134,-0.4,-3.259,-1.796,162.56,163.94,-1.77,105.028,1,1,0,5.416,61.0,1,2,6,2011
31-07-2011,1337.36,300.77152,303.8839298,597.625,442.5,-6.907,55.187,-3.169,83.67,1.363,46.83,3.777,42.93,24.648,41.6,1.967,520.06,8.7,99.5218776,3552.349708,10.60873134,-0.4,-3.259,-1.796,157.97,155.95,-2.824,69.769,1,1,0,5.542,64.12,1,2,7,2011
31-08-2011,1328.39,310.21984,327.0665895,597.4,442.5,7.629,32.82,3.141,76.682,-0.671,33.156,-0.038,29.898,0.0,41.6,1.827,519.95,8.7,99.5218776,3552.349708,10.60873134,-0.4,-3.259,-1.796,162.95,163.97,3.152,53.559,1,1,0,4.657,60.99,1,2,8,2011
30-09-2011,1307.85,295.26,315.9162291,587.875,442.5,-3.409,16.285,-4.822,43.403,-1.546,26.331,-1.594,16.181,0.0,41.6,1.861,515.19,8.7,99.5218776,3552.349708,10.60873134,-0.4,-3.259,-1.796,157.56,157.12,-3.308,29.509,1,1,0,4.493,63.65,0,1,9,2011
31-10-2011,1223.1,274.78864,289.0108358,571.4,435.0,-8.517,6.949,-6.933,16.528,-6.48,6.658,-2.802,2.539,-1.695,39.2,1.977,503.2,8.7,99.5218776,3552.349708,10.60873134,-0.4,-3.259,-1.796,146.11,145.08,-7.267,11.962,1,1,0,4.827,68.93,0,1,10,2011
30-11-2011,1213.96,274.39496,281.0064022,563.5,435.0,-2.77,2.527,-0.143,15.207,-0.747,-1.439,-1.383,1.696,0.0,34.884,2.005,499.25,8.7,99.5218776,3552.349708,10.60873134,-0.4,-3.259,-1.796,144.44,143.14,-1.143,9.151,1,1,0,4.793,69.86,0,1,11,2011
31-12-2011,1203.28,258.64776,269.0300071,488.75,450.0,-4.262,-12.231,-5.739,3.302,-0.88,-9.167,-13.265,-9.595,3.448,39.535,1.817,469.38,8.4,104.6296386,3652.769555,10.68557025,-0.3,5.108,100.42,139.17,135.88,-3.649,-4.35,1,1,0,4.29,73.59,0,1,12,2011
31-01-2012,1216.28,272.844845,274.8931741,451.4,495.0,2.179,-15.821,5.489,2.981,1.08,-10.943,-7.642,-17.537,10.0,53.488,1.642,473.2,8.4,104.6296386,3652.769555,10.68557025,-0.3,5.108,100.42,143.31,141.3,2.975,-6.325,1,1,0,4.083,70.77,0,1,1,2012
29-02-2012,1249.12,279.458669,277.7729593,435.5,495.0,1.048,-20.208,2.424,-4.588,2.7,-8.143,-3.522,5.289,0.0,32.22,1.568,465.25,8.4,104.6296386,3652.769555,10.68557025,-0.3,5.108,100.42,146.34,143.85,2.114,-12.179,1,1,0,3.74,69.52,0,1,2,2012
31-03-2012,1285.38,280.69384,283.8782541,442.875,495.0,2.198,-10.377,0.442,-3.388,2.903,-1.619,1.693,4.329,0.0,45.588,1.56,468.94,8.4,104.6296386,3652.769555,10.68557025,-0.3,5.108,100.42,148.97,145.61,1.797,-6.63,1,1,0,3.626,68.68,0,1,3,2012
30-04-2012,1308.89,274.00128,266.3239218,478.0,477.5,-6.184,-20.766,-2.384,-14.18,1.829,-0.119,7.931,14.491,-3.535,40.441,1.795,477.75,8.4,104.6296386,3652.769555,10.68557025,-0.3,5.108,100.42,145.96,139.66,-2.021,-17.185,1,1,0,3.138,71.6,0,1,4,2012
31-05-2012,1220.55,269.27712,264.358724,490.5,477.5,-0.738,-25.591,-1.724,-12.532,-6.749,-5.824,2.615,19.634,0.0,42.75,1.855,484.0,8.4,104.6296386,3652.769555,10.68557025,-0.3,5.108,100.42,141.19,137.86,-3.268,-18.782,1,1,0,3.183,72.54,0,1,5,2012
30-06-2012,1181.93,267.30872,276.1899195,501.625,477.5,4.475,-15.391,-0.731,-13.942,-3.164,-10.418,2.268,-12.893,0.0,34.507,1.816,489.56,8.4,104.6296386,3652.769555,10.68557025,-0.3,5.108,100.42,141.06,140.0,-0.092,-14.603,1,1,0,3.196,71.43,0,1,6,2012
31-07-2012,1239.49,333.05328,345.6879468,436.875,279.5,25.163,13.757,24.595,10.733,4.87,-7.318,-12.908,-26.898,-41.466,-36.836,1.264,358.19,8.4,104.6296386,3652.769555,10.68557025,-0.3,5.108,100.42,166.58,174.8,18.092,12.087,1,1,0,6.342,57.21,0,1,7,2012
31-08-2012,1250.27,331.9920557,349.4003507,504.5,477.5,1.074,6.829,-0.319,7.018,0.87,-5.881,15.479,-15.551,70.841,7.91,1.444,491.0,8.4,104.6296386,3652.769555,10.68557025,-0.3,5.108,100.42,167.37,175.33,0.474,6.928,1,1,0,6.291,57.04,0,1,8,2012
30-09-2012,1280.95,320.8492,353.4209238,527.375,477.5,1.151,11.872,-3.356,8.667,2.454,-2.057,4.534,-10.291,0.0,7.91,1.492,502.44,8.4,104.6296386,3652.769555,10.68557025,-0.3,5.108,100.42,167.09,173.05,-0.167,10.139,1,1,0,6.188,57.79,0,1,9,2012
31-10-2012,1177.95,321.24288,358.195667,533.5,477.5,1.351,23.938,0.123,16.905,-8.041,-3.691,1.161,-6.633,0.0,9.77,1.489,505.5,8.4,104.6296386,3652.769555,10.68557025,-0.3,5.108,100.42,163.74,174.26,-2.005,20.113,1,1,0,5.746,57.39,0,1,10,2012
30-11-2012,1137.78,321.63656,360.8228394,487.875,477.5,0.733,28.404,0.123,17.217,-3.41,-6.275,-8.552,-13.421,0.0,9.77,1.352,482.69,8.4,104.6296386,3652.769555,10.68557025,-0.3,5.108,100.42,162.59,174.97,-0.702,22.237,1,1,0,5.732,57.15,0,1,11,2012
31-12-2012,1158.64,308.64512,347.9625549,472.8333333,477.5,-3.564,29.34,-4.039,19.33,1.833,-3.71,-3.083,-3.257,0.0,6.111,1.359,475.17,8.1,99.2802439,3615.688508,10.63223549,-0.3,-5.349,-37.081,158.98,168.3,-2.22,23.859,1,1,0,5.638,59.42,0,1,12,2012
31-01-2013,1192.35,303.1336,335.4697071,462.25,395.0,-3.59,22.036,-1.786,11.101,2.909,-1.967,-2.238,2.404,-17.277,-20.202,1.378,428.62,8.1,99.2802439,3615.688508,10.63223549,-0.3,-5.349,-37.081,157.38,163.85,-1.006,15.959,1,1,0,5.644,61.03,0,1,1,2013
28-02-2013,1173.48,302.73992,318.9350556,464.5,395.0,-4.929,14.819,-0.13,8.331,-1.583,-6.055,0.487,6.659,0.0,-20.202,1.456,429.75,8.1,99.2802439,3615.688508,10.63223549,-0.3,-5.349,-37.081,154.02,159.96,-2.135,11.199,1,1,0,5.695,62.52,0,1,2,2013
31-03-2013,1117.43,309.0388,309.7491381,467.625,395.0,-2.88,9.113,2.081,10.098,-4.776,-13.066,0.673,5.588,0.0,-20.202,1.51,431.31,8.1,99.2802439,3615.688508,10.63223549,-0.3,-5.349,-37.081,151.57,159.67,-1.591,9.656,1,1,0,5.712,62.63,0,1,3,2013
30-04-2013,1094.52,279.90648,308.2793913,461.125,395.0,-0.474,15.754,-9.427,2.155,-2.05,-16.378,-1.39,-3.53,0.0,-17.277,1.496,428.06,8.1,99.2802439,3615.688508,10.63223549,-0.3,-5.349,-37.081,144.83,150.96,-4.447,8.091,1,1,0,5.843,66.24,0,1,4,2013
31-05-2013,1073.2,295.5375444,319.669929,421.25,395.0,3.695,20.923,5.584,9.752,-1.948,-12.072,-8.647,-14.118,0.0,-17.277,1.318,408.12,8.1,99.2802439,3615.688508,10.63223549,-0.3,-5.349,-37.081,148.71,158.06,2.679,14.653,1,1,0,5.785,63.27,0,1,5,2013
30-06-2013,1037.75,298.40944,313.4235051,424.125,395.0,-1.954,13.481,0.972,11.635,-3.303,-12.199,0.682,-15.45,0.0,-17.277,1.353,409.56,8.1,99.2802439,3615.688508,10.63223549,-0.3,-5.349,-37.081,146.87,157.45,-1.237,12.464,1,1,0,5.806,63.51,0,1,6,2013
31-07-2013,990.31,279.5128,304.6050243,409.625,395.0,-2.814,-11.884,-6.332,-16.076,-4.571,-20.103,-3.419,-6.237,0.0,41.324,1.345,402.31,8.1,99.2802439,3615.688508,10.63223549,-0.3,-5.349,-37.081,139.99,150.0,-4.684,-14.188,1,1,0,2.0,66.67,0,1,7,2013
31-08-2013,994.65,238.7356045,305.3398977,400.375,395.0,0.241,-12.61,-14.589,-28.09,0.438,-20.445,-2.258,-20.639,0.0,-17.277,1.311,397.69,8.1,99.2802439,3615.688508,10.63223549,-0.3,-5.349,-37.081,132.46,138.45,-5.379,-21.035,1,1,0,2.2,72.23,0,1,8,2013
30-09-2013,1019.72,207.405387,307.5077742,374.8,395.0,0.71,-12.991,-13.123,-35.357,2.52,-20.393,-6.388,-28.931,0.0,-17.277,1.219,384.9,8.1,99.2802439,3615.688508,10.63223549,-0.3,-5.349,-37.081,127.8,129.94,-3.518,-24.912,1,0,0,2.172,76.96,0,0,9,2013
31-10-2013,990.96,201.7252109,325.686705,370.0,395.0,5.912,-9.076,-2.739,-37.205,-2.82,-15.874,-1.281,-30.647,0.0,-17.277,1.136,382.5,8.1,99.2802439,3615.688508,10.63223549,-0.3,-5.349,-37.081,128.32,132.46,0.407,-23.987,1,0,0,2.298,75.49,0,0,10,2013
30-11-2013,989.83,199.13474,306.7516282,334.375,395.0,-5.814,-14.986,-1.284,-38.087,-0.114,-13.003,-9.628,-31.463,0.0,-17.277,1.09,364.69,8.1,99.2802439,3615.688508,10.63223549,-0.3,-5.349,-37.081,124.89,127.39,-2.673,-27.193,1,0,0,2.268,78.5,0,0,11,2013
31-12-2013,990.52,197.391152,291.5566472,341.625,395.0,-4.954,-16.21,-0.876,-36.046,0.07,-14.51,2.168,-27.749,0.0,-17.277,1.172,368.31,7.8,99.30962432,3826.145097,10.65061348,-0.3,0.029,210.457,122.27,123.42,-2.098,-26.667,1,0,0,2.268,81.02,0,0,12,2013
31-01-2014,942.1,198.0643448,275.577525,403.375,395.0,-5.481,-17.853,0.341,-34.661,-4.888,-20.988,18.075,-12.737,0.0,0.0,1.464,399.19,7.8,99.30962432,3826.145097,10.65061348,-0.3,0.029,210.457,118.01,119.96,-3.484,-26.787,1,0,0,2.268,83.36,0,0,1,2014
28-02-2014,970.96,209.3235928,292.1121765,450.125,307.625,6.0,-8.41,5.685,-30.857,3.063,-17.258,11.59,-3.095,-22.12,-22.12,1.541,378.88,7.8,99.30962432,3826.145097,10.65061348,-0.3,0.029,210.457,123.85,126.97,4.949,-20.624,1,0,0,3.098,78.76,0,0,2,2014
31-03-2014,996.67,222.33078,323.7117327,486.5,278.5,10.818,4.508,6.214,-28.057,2.648,-10.807,8.081,4.036,-9.468,-29.494,1.503,382.5,7.8,99.30962432,3826.145097,10.65061348,-0.3,0.029,210.457,132.2,137.94,6.742,-13.609,1,1,0,3.954,72.5,0,1,3,2014
30-04-2014,1001.69,222.3583376,324.8140428,409.0,299.0,0.341,5.364,0.012,-20.56,0.504,-8.481,-15.93,-11.304,7.361,-24.304,1.259,354.0,7.8,99.30962432,3826.145097,10.65061348,-0.3,0.029,210.457,132.58,138.2,0.287,-8.453,1,1,0,3.82,72.36,0,1,4,2014
31-05-2014,961.81,217.2956128,334.7348337,413.5625,300.875,3.054,4.713,-2.277,-26.474,-3.981,-10.379,1.116,-1.825,0.627,-23.829,1.235,357.22,7.8,99.30962432,3826.145097,10.65061348,-0.3,0.029,210.457,131.51,139.01,-0.807,-12.052,1,1,0,3.672,71.94,0,1,5,2014
30-06-2014,925.82,202.3948248,306.4422078,421.375,301.5,-8.452,-2.227,-6.857,-32.175,-3.742,-10.786,1.889,-0.648,0.208,-23.671,1.375,361.44,7.8,99.30962432,3826.145097,10.65061348,-0.3,0.029,210.457,122.89,128.26,-6.555,-18.539,1,0,0,4.014,77.97,0,0,6,2014
31-07-2014,897.43,182.726572,280.3542021,440.625,279.5,-8.513,-7.961,-9.718,-34.627,-3.066,-9.379,4.568,7.568,-7.297,-29.241,1.572,360.06,7.8,99.30962432,3826.145097,10.65061348,-0.3,0.029,210.457,114.0,116.64,-7.234,-22.24,1,0,0,4.263,85.73,0,0,7,2014
31-08-2014,861.77,176.4237552,263.4521139,446.5,279.5,-6.029,-13.718,-3.449,-26.101,-3.974,-13.359,1.333,11.52,0.0,-29.241,1.695,363.0,7.8,99.30962432,3826.145097,10.65061348,-0.3,0.029,210.457,108.77,110.96,-4.588,-19.856,1,0,0,4.205,90.12,0,0,8,2014
30-09-2014,839.82,163.0583192,243.6105321,438.1,279.5,-7.531,-20.779,-7.576,-21.382,-2.547,-17.642,-1.881,16.889,0.0,-29.241,1.798,358.8,7.8,99.30962432,3826.145097,10.65061348,-0.3,0.029,210.457,102.3,102.58,-5.948,-21.056,1,0,0,4.364,97.48,0,0,9,2014
31-10-2014,833.03,163.121308,245.4477156,418.75,279.5,0.754,-24.637,0.039,-19.137,-0.809,-15.937,-4.417,13.176,0.0,-29.241,1.706,349.12,7.8,99.30962432,3826.145097,10.65061348,-0.3,0.029,210.457,102.32,103.02,0.02,-22.226,1,0,0,4.348,97.07,0,0,10,2014
30-11-2014,825.98,178.7425304,258.6754368,408.75,279.5,5.389,-15.673,9.576,-10.24,-0.846,-16.553,-2.388,22.243,0.0,-29.241,1.58,344.12,7.8,99.30962432,3826.145097,10.65061348,-0.3,0.029,210.457,107.04,110.54,4.613,-13.227,1,0,0,4.706,90.46,0,0,11,2014
31-12-2014,814.55,178.7346568,269.6985378,418.375,279.5,4.261,-7.497,-0.004,-9.452,-1.384,-17.765,2.355,22.466,0.0,-29.241,1.551,348.94,7.7,99.32282619,3897.898946,10.66277877,-0.1,0.013,71.754,108.26,113.05,1.14,-8.402,1,0,0,4.741,88.46,0,0,12,2014
31-01-2015,796.58,174.7073104,248.3872092,440.25,279.5,-7.902,-9.867,-2.253,-11.793,-2.206,-15.446,5.229,9.142,0.0,-29.241,1.772,359.88,7.7,99.32282619,3897.898946,10.66277877,-0.1,0.013,71.754,103.51,107.02,-4.388,-10.787,1,0,0,4.793,93.44,0,0,1,2015
28-02-2015,762.61,173.6955528,236.9966715,444.125,279.5,-4.586,-18.868,-0.579,-17.021,-4.264,-21.458,0.88,-1.333,0.0,-9.143,1.874,361.81,7.7,99.32282619,3897.898946,10.66277877,-0.1,0.013,71.754,100.21,104.12,-3.188,-17.996,1,0,0,4.44,96.04,0,0,2,2015
31-03-2015,749.93,174.2270208,230.7502476,428.8,283.4,-2.636,-28.717,0.306,-21.636,-1.663,-24.756,-3.451,-11.86,1.395,1.759,1.858,356.1,7.7,99.32282619,3897.898946,10.66277877,-0.1,0.013,71.754,98.85,102.85,-1.357,-25.439,0,0,0,3.58,97.23,0,0,3,2015
30-04-2015,747.74,172.0539072,223.4015136,409.0,299.0,-3.185,-31.222,-1.247,-22.623,-0.292,-25.352,-4.618,0.0,5.505,0.0,1.831,354.0,7.7,99.32282619,3897.898946,10.66277877,-0.1,0.013,71.754,97.22,100.54,-1.649,-27.25,0,0,0,3.493,99.46,0,0,4,2015
31-05-2015,785.13,166.2943688,215.3179062,413.5625,300.875,-3.618,-35.675,-3.348,-23.471,5.0,-18.37,1.116,0.0,0.627,0.0,1.921,357.22,7.7,99.32282619,3897.898946,10.66277877,-0.1,0.013,71.754,96.4,97.04,-0.843,-30.192,0,0,0,3.492,103.05,0,0,5,2015
30-06-2015,788.21,166.7195432,209.8063557,421.375,301.5,-2.56,-31.535,0.256,-17.627,0.392,-14.864,1.889,0.0,0.208,0.0,2.008,361.44,7.7,99.32282619,3897.898946,10.66277877,-0.1,0.013,71.754,95.76,95.9,-0.664,-25.23,0,0,0,3.277,104.28,0,0,6,2015
31-07-2015,752.32,179.596816,197.3135079,431.5,301.5,-5.954,-29.62,7.724,-1.713,-4.553,-16.17,2.403,-2.071,0.0,7.871,2.187,366.5,7.7,99.32282619,3897.898946,10.66277877,-0.1,0.013,71.754,94.88,96.75,-0.919,-17.052,0,0,0,2.839,103.36,0,0,7,2015
31-08-2015,728.33,162.5937768,179.6765463,434.625,301.5,-8.939,-31.799,-9.467,-7.839,-3.189,-15.484,0.724,-2.66,0.0,7.871,2.419,368.06,7.7,99.32282619,3897.898946,10.66277877,-0.1,0.013,71.754,87.96,87.82,-7.293,-20.854,0,0,0,3.193,113.87,0,0,8,2015
30-09-2015,720.4,165.621176,172.695249,428.0,301.5,-3.885,-29.11,1.862,1.572,-1.089,-14.22,-1.524,-2.305,0.0,7.871,2.478,364.75,7.7,99.32282619,3897.898946,10.66277877,-0.1,0.013,71.754,87.15,87.1,-0.921,-15.091,0,0,0,2.903,114.81,0,0,9,2015
31-10-2015,743.3,171.388588,172.7099465,423.75,301.5,0.009,-29.635,3.482,5.068,3.179,-10.772,-0.993,1.194,0.0,7.871,2.454,362.62,7.7,99.32282619,3897.898946,10.66277877,-0.1,0.013,71.754,89.19,88.76,2.341,-13.842,0,0,0,3.071,112.66,0,0,10,2015
30-11-2015,727.34,166.1565808,177.1044894,383.875,301.5,2.544,-31.534,-3.053,-7.041,-2.147,-11.942,-9.41,-6.086,0.0,7.871,2.168,342.69,7.7,99.32282619,3897.898946,10.66277877,-0.1,0.013,71.754,88.21,88.26,-1.099,-20.156,0,0,0,2.494,113.3,0,0,11,2015
31-12-2015,765.7,163.948036,189.2299005,340.625,301.5,6.846,-29.837,-1.329,-8.273,5.274,-5.997,-11.267,-18.584,0.0,7.871,1.8,321.06,7.6,100.0,3927.425046,10.68848714,-0.1,0.677,29.526,91.18,90.4,3.367,-20.035,0,0,0,2.78,110.62,0,0,12,2015
31-01-2016,736.03,161.0269304,193.2717042,327.125,301.5,2.136,-22.189,-1.782,-7.83,-3.875,-7.601,-3.963,-25.696,0.0,7.871,1.693,314.31,7.6,100.0,3927.425046,10.68848714,-0.1,0.677,29.526,90.04,90.48,-1.25,-15.455,0,0,0,2.615,110.52,0,0,1,2016
29-02-2016,767.24,159.676608,187.0252803,326.0,301.5,-3.232,-21.085,-0.839,-8.071,4.24,0.607,-0.344,-26.597,0.0,7.871,1.743,313.75,7.6,100.0,3927.425046,10.68848714,-0.1,0.677,29.526,90.09,88.66,0.056,-14.848,0,0,0,2.549,112.79,0,0,2,2016
31-03-2016,765.61,159.1372664,191.067084,338.125,301.5,2.161,-17.197,-0.338,-8.661,-0.212,2.091,3.719,-21.146,0.0,6.387,1.77,319.81,7.6,100.0,3927.425046,10.68848714,-0.1,0.677,29.526,90.54,89.44,0.5,-13.038,0,0,0,2.572,111.81,0,0,3,2016
30-04-2016,794.13,164.4125784,187.392717,330.5,301.5,-1.923,-16.118,3.315,-4.441,3.725,6.204,-2.255,-19.193,0.0,0.836,1.764,316.0,7.6,100.0,3927.425046,10.68848714,-0.1,0.677,29.526,92.14,90.12,1.767,-10.364,0,0,0,2.645,110.96,0,0,4,2016
31-05-2016,795.64,168.9556456,171.9603756,313.5,301.5,-8.235,-20.137,2.763,1.6,0.19,1.339,-5.144,-24.195,0.0,0.208,1.823,307.5,7.6,100.0,3927.425046,10.68848714,-0.1,0.677,29.526,90.72,87.89,-1.541,-9.429,0,0,0,2.663,113.78,0,0,5,2016
30-06-2016,799.91,179.872392,173.0626857,306.625,301.5,0.641,-17.513,6.461,7.889,0.537,1.484,-2.193,-27.232,0.0,0.0,1.772,304.06,7.6,100.0,3927.425046,10.68848714,-0.1,0.677,29.526,93.16,91.28,2.69,-4.818,0,0,0,2.813,109.55,0,0,6,2016
31-07-2016,796.67,161.7591752,151.7513571,305.2,282.5,-12.314,-23.091,-10.07,-9.932,-0.405,5.895,-0.465,-29.27,-6.302,-6.302,2.011,293.85,7.6,100.0,3927.425046,10.68848714,-0.1,0.677,29.526,86.3,81.2,-7.364,-16.072,0,0,0,3.496,123.15,0,0,7,2016
31-08-2016,824.42,150.1534888,149.1793002,318.0625,206.5,-1.695,-16.973,-7.175,-7.651,3.483,13.193,4.214,-26.819,-26.903,-31.509,2.132,262.28,7.6,100.0,3927.425046,10.68848714,-0.1,0.677,29.526,84.81,77.28,-1.727,-12.002,0,0,0,2.857,129.4,0,0,8,2016
30-09-2016,837.21,148.4252336,150.649047,320.0,206.5,0.985,-12.766,-1.151,-10.383,1.551,16.215,0.609,-25.234,0.0,-31.509,2.124,263.25,7.6,100.0,3927.425046,10.68848714,-0.1,0.677,29.526,85.22,77.12,0.483,-11.458,0,0,0,2.856,129.67,0,0,9,2016
31-10-2016,861.26,152.2596768,151.7513571,310.0,206.5,0.732,-12.135,2.583,-11.161,2.873,15.87,-3.125,-26.844,0.0,-31.509,2.043,258.25,7.6,100.0,3927.425046,10.68848714,-0.1,0.677,29.526,87.09,78.47,2.194,-11.593,0,0,0,2.845,127.44,0,0,10,2016
30-11-2016,885.11,151.803008,150.649047,298.0,206.5,-0.726,-14.938,-0.3,-8.639,2.769,21.691,-3.871,-22.371,0.0,-31.509,1.978,252.25,7.6,100.0,3927.425046,10.68848714,-0.1,0.677,29.526,87.8,78.09,0.815,-11.523,0,0,0,2.841,128.06,0,0,11,2016
31-12-2016,916.7,152.4486432,141.8305662,296.625,206.5,-5.854,-25.049,0.425,-7.014,3.569,19.721,-0.461,-12.917,0.0,-31.509,2.091,251.56,7.5,100.0,4001.05823,10.69738352,-0.1,0.0,73.633,87.85,76.26,0.057,-15.642,0,0,0,2.638,131.13,0,0,12,2016
31-01-2017,876.85,159.9876152,153.2211039,308.0,206.5,8.031,-20.722,4.945,-0.645,-4.347,19.132,3.835,-5.846,0.0,-31.509,2.01,257.25,7.5,100.0,4001.05823,10.69738352,-0.1,0.0,73.633,89.42,81.03,1.787,-10.444,0,0,0,2.682,123.41,0,0,1,2017
28-02-2017,839.6,162.8575424,155.0582874,326.0,301.5,1.199,-17.092,1.794,1.992,-4.248,9.431,5.844,0.0,46.005,0.0,2.102,313.75,7.5,100.0,4001.05823,10.69738352,-0.1,0.0,73.633,88.75,82.27,-0.749,-7.207,0,0,0,2.689,121.55,0,0,2,2017
31-03-2017,814.94,158.9640472,154.323414,325.625,206.5,-0.474,-19.231,-2.391,-0.109,-2.937,6.443,-0.115,-3.697,-31.509,-31.509,2.11,266.06,7.5,100.0,4001.05823,10.69738352,-0.1,0.0,73.633,86.9,80.99,-2.085,-9.448,0,0,0,2.741,123.47,0,0,3,2017
30-04-2017,794.04,156.4405584,166.0813884,313.125,206.5,7.619,-11.373,-1.587,-4.849,-2.565,-0.011,-3.839,-5.257,0.0,-31.509,1.885,259.81,7.5,100.0,4001.05823,10.69738352,-0.1,0.0,73.633,87.36,82.95,0.529,-7.956,0,0,0,2.678,120.55,0,0,4,2017
31-05-2017,825.06,158.5900512,180.4114197,309.25,206.5,8.628,4.915,1.374,-6.135,3.907,3.698,-1.238,-1.356,0.0,-31.509,1.714,257.88,7.5,100.0,4001.05823,10.69738352,-0.1,0.0,73.633,91.21,86.84,4.407,-1.195,0,0,0,2.983,115.15,0,0,5,2017
30-06-2017,832.95,157.9326056,189.5973372,310.3,206.5,5.092,9.554,-0.415,-12.197,0.956,4.13,0.34,1.199,0.0,-31.509,1.637,258.4,7.5,100.0,4001.05823,10.69738352,-0.1,0.0,73.633,92.8,88.76,1.743,-2.761,0,0,0,2.92,112.66,0,0,6,2017
31-07-2017,835.6,157.511368,202.4576217,313.75,207.25,6.783,33.414,-0.267,-2.626,0.318,4.887,1.112,2.801,0.363,-26.637,1.55,260.5,7.5,100.0,4001.05823,10.69738352,-0.1,0.0,73.633,94.79,91.58,2.144,12.783,0,0,0,1.821,109.19,0,0,7,2017
31-08-2017,861.72,148.496096,171.2255022,320.75,215.5,-15.426,14.778,-5.724,-1.104,3.126,4.524,2.231,0.845,3.981,4.358,1.873,268.12,7.5,100.0,4001.05823,10.69738352,-0.1,0.0,73.633,89.36,81.84,-5.728,5.901,0,0,0,2.547,122.19,0,0,8,2017
30-09-2017,889.44,147.2914352,178.5742362,325.9,215.5,4.292,18.537,-0.811,-0.764,3.217,6.239,1.606,1.844,0.0,4.358,1.825,270.7,7.5,100.0,4001.05823,10.69738352,-0.1,0.0,73.633,91.36,83.18,2.238,7.858,0,0,0,2.598,120.22,0,0,9,2017
31-10-2017,880.6,148.6220736,175.6347426,322.375,215.5,-1.646,15.738,0.903,-2.389,-0.994,2.246,-1.082,3.992,0.0,4.358,1.835,268.94,7.5,100.0,4001.05823,10.69738352,-0.1,0.0,73.633,90.81,82.88,-0.602,5.62,0,0,0,2.568,120.66,0,0,10,2017
30-11-2017,886.77,148.7047464,179.6765463,344.0,215.5,2.301,19.268,0.056,-2.041,0.701,0.188,6.708,15.436,0.0,4.358,1.915,279.75,7.5,100.0,4001.05823,10.69738352,-0.1,0.0,73.633,91.7,83.84,0.98,7.363,0,0,0,2.571,119.27,0,0,11,2017
31-12-2017,867.19,148.9803224,184.0857867,357.25,215.5,2.454,29.793,0.185,-2.275,-2.208,-5.401,3.852,20.438,0.0,4.358,1.941,286.38,7.4,100.0,4083.258711,10.70761649,-0.1,0.0,82.2,91.63,84.92,-0.076,11.356,0,0,0,2.573,117.76,0,0,12,2017
31-01-2018,870.5,155.838228,192.1693941,360.375,215.5,4.391,25.42,4.603,-2.594,0.382,-0.724,0.875,17.005,0.0,4.358,1.875,287.94,7.4,100.0,4083.258711,10.70761649,-0.1,0.0,82.2,94.31,88.74,2.925,9.515,0,0,0,2.649,112.69,0,0,1,2018
28-02-2018,843.56,163.357516,192.1693941,370.0,215.5,0.0,23.934,4.825,0.307,-3.095,0.472,2.671,13.497,0.0,-28.524,1.925,292.75,7.4,100.0,4083.258711,10.70761649,-0.1,0.0,82.2,94.66,90.9,0.371,10.49,0,0,0,2.622,110.01,0,0,2,2018
31-03-2018,836.68,171.998792,192.1693941,378.0,215.5,0.0,24.524,5.29,8.2,-0.816,2.668,2.162,16.084,0.0,4.358,1.967,296.75,7.4,100.0,4083.258711,10.70761649,-0.1,0.0,82.2,96.04,93.39,1.458,15.311,0,0,0,2.492,107.08,0,0,3,2018
30-04-2018,831.85,175.6049008,213.8481594,384.75,215.5,11.281,28.761,2.097,12.25,-0.577,4.762,1.786,22.874,0.0,4.358,1.799,300.12,7.4,100.0,4083.258711,10.70761649,-0.1,0.0,82.2,99.84,99.38,3.957,19.807,0,0,0,2.642,100.62,0,0,4,2018
31-05-2018,793.25,179.085032,213.8481594,384.375,215.5,0.0,18.534,1.982,12.923,-4.64,-3.855,-0.097,24.293,0.0,4.358,1.797,299.94,7.4,100.0,4083.258711,10.70761649,-0.1,0.0,82.2,98.95,100.38,-0.891,15.592,0,0,0,2.486,99.62,0,0,5,2018
30-06-2018,788.57,165.070024,219.3597099,391.6,215.5,2.577,15.698,-7.826,4.519,-0.59,-5.328,1.88,26.2,0.0,4.358,1.785,303.55,7.4,100.0,4083.258711,10.70761649,-0.1,0.0,82.2,96.92,97.62,-2.052,9.982,0,0,0,2.583,102.44,0,0,6,2018
31-07-2018,780.45,156.4602424,218.2573998,400.75,215.5,-0.503,7.804,-5.216,-0.667,-1.03,-6.6,2.337,27.729,0.0,3.981,1.836,308.12,7.4,100.0,4083.258711,10.70761649,-0.1,0.0,82.2,94.77,94.89,-2.218,3.614,0,0,0,2.621,105.39,0,0,7,2018
31-08-2018,761.82,162.373316,236.6292348,409.0,215.5,8.418,38.197,3.779,9.345,-2.387,-11.593,2.059,27.514,0.0,0.0,1.728,312.25,7.4,100.0,4083.258711,10.70761649,-0.1,0.0,82.2,97.95,100.79,3.355,23.155,0,0,0,2.057,99.22,1,1,8,2018
30-09-2018,754.05,154.8028496,212.3784126,421.63,215.5,-10.248,18.93,-4.662,5.1,-1.02,-15.222,3.088,29.374,0.0,0.0,1.985,318.56,7.4,100.0,4083.258711,10.70761649,-0.1,0.0,82.2,92.49,93.06,-5.574,11.878,0,0,0,2.694,107.46,0,0,9,2018
31-10-2018,751.58,160.2553176,213.4807227,420.75,215.5,0.519,21.548,3.522,7.827,-0.328,-14.651,-0.209,30.516,0.0,0.0,1.971,318.12,7.4,100.0,4083.258711,10.70761649,-0.1,0.0,82.2,93.6,94.88,1.2,14.479,0,0,0,2.699,105.4,0,0,10,2018
30-11-2018,729.22,160.6883656,203.5599318,410.2,215.5,-4.647,13.292,0.27,8.059,-2.975,-17.767,-2.507,19.244,0.0,0.0,2.015,312.85,7.4,100.0,4083.258711,10.70761649,-0.1,0.0,82.2,91.27,92.74,-2.489,10.615,0,0,0,2.802,107.83,0,0,11,2018
31-12-2018,727.88,167.4399776,211.2761025,389.67,215.5,3.791,14.77,4.202,12.391,-0.184,-16.065,-5.005,9.075,0.0,0.0,1.844,302.59,7.3,100.0,4028.455898,10.70507232,-0.1,0.0,-54.803,93.69,96.44,2.651,13.566,0,0,0,2.904,103.69,0,0,12,2018
31-01-2019,747.79,166.743164,209.8063557,382.13,215.5,-0.696,9.178,-0.416,6.998,2.735,-14.096,-1.935,6.037,0.0,0.0,1.821,298.82,7.3,100.0,4028.455898,10.70507232,-0.1,0.0,-54.803,94.13,95.91,0.47,8.08,0,0,0,2.781,104.26,0,0,1,2019
28-02-2019,772.82,169.5225448,218.9922732,357.38,215.5,4.378,13.958,1.667,3.774,3.347,-8.386,-6.477,-3.411,0.0,0.0,1.632,286.44,7.3,100.0,4028.455898,10.70507232,-0.1,0.0,-54.803,97.08,98.81,3.134,8.702,0,0,0,2.923,101.2,0,0,2,2019
31-03-2019,750.33,166.2235064,205.764552,335.03,245.5,-6.04,7.075,-1.946,-3.358,-2.91,-10.321,-6.254,-11.368,13.921,13.921,1.628,290.26,7.3,100.0,4028.455898,10.70507232,-0.1,0.0,-54.803,93.52,94.84,-3.667,1.553,0,0,0,3.1,105.44,0,0,3,2019
30-04-2019,733.77,161.487536,199.5181281,323.75,265.5,-3.036,-6.701,-2.849,-8.039,-2.207,-11.791,-3.367,-15.854,8.147,23.202,1.623,294.62,7.3,100.0,4028.455898,10.70507232,-0.1,0.0,-54.803,90.99,92.05,-2.705,-7.376,0,0,0,2.881,108.64,0,0,4,2019
31-05-2019,742.53,171.0815176,199.5181281,313.4,265.5,0.0,-6.701,5.941,-4.469,1.194,-6.394,-3.197,-18.465,0.0,23.202,1.571,289.45,7.3,100.0,4028.455898,10.70507232,-0.1,0.0,-54.803,93.19,94.8,2.418,-5.559,0,0,0,3.019,105.49,0,0,5,2019
30-06-2019,742.89,195.0802504,206.1319887,314.88,265.5,3.315,-6.03,14.028,18.18,0.048,-5.793,0.472,-19.591,0.0,23.202,1.528,290.19,7.3,100.0,4028.455898,10.70507232,-0.1,0.0,-54.803,98.81,103.22,6.031,5.737,0,0,0,3.495,96.88,0,0,6,2019
31-07-2019,748.17,189.419132,196.2111978,307.5,265.5,-4.813,-10.101,-2.902,21.065,0.711,-4.136,-2.344,-23.269,0.0,23.202,1.567,286.5,7.3,100.0,4028.455898,10.70507232,-0.1,0.0,-54.803,96.42,99.32,-2.419,4.669,0,0,0,3.508,100.68,0,0,7,2019
31-08-2019,793.21,163.5858504,181.1462931,292.9,265.5,-7.678,-23.447,-13.638,0.747,6.02,4.12,-4.748,-28.386,0.0,23.202,1.617,279.2,7.3,100.0,4028.455898,10.70507232,-0.1,0.0,-54.803,90.99,88.45,-5.632,-12.243,0,0,0,3.726,113.06,0,0,8,2019
30-09-2019,779.25,157.2594128,189.5973372,285.75,265.5,4.665,-10.727,-3.867,1.587,-1.76,3.342,-2.441,-32.227,0.0,23.202,1.507,275.62,7.3,100.0,4028.455898,10.70507232,-0.1,0.0,-54.803,90.5,88.56,-0.539,-4.836,0,0,0,3.376,112.92,0,0,9,2019
31-10-2019,770.8,167.1486544,199.5181281,277.38,265.5,5.233,-6.54,6.288,4.301,-1.084,2.557,-2.929,-34.075,0.0,23.202,1.39,271.44,7.3,100.0,4028.455898,10.70507232,-0.1,0.0,-54.803,93.57,93.68,3.392,-1.265,0,0,0,3.511,106.75,0,0,10,2019
30-11-2019,770.2,166.3337368,203.1924951,248.0,265.5,1.842,-0.181,-0.488,3.513,-0.078,5.62,-10.592,-39.542,0.0,23.202,1.221,256.75,7.3,100.0,4028.455898,10.70507232,-0.1,0.0,-54.803,93.95,94.28,0.406,1.661,0,0,0,3.418,106.07,0,0,11,2019
31-12-2019,833.52,166.9557512,210.9086658,238.16,265.5,3.797,-0.174,0.374,-0.289,8.221,14.513,-3.968,-38.882,0.0,23.202,1.129,251.83,7.8,100.0,4133.972807,10.67196856,0.5,0.0,105.517,97.81,96.22,4.109,-0.228,0,0,0,3.534,103.93,0,0,12,2019
31-01-2020,875.64,171.7862048,224.5038237,264.9,268.7,6.446,7.005,2.893,3.024,5.053,17.097,11.228,-30.678,1.205,24.687,1.18,266.8,7.8,100.0,4133.972807,10.67196856,0.5,0.0,105.517,102.5,100.72,4.795,5.015,1,0,0,3.753,99.29,0,0,1,2020
29-02-2020,800.41,168.711564,215.3179062,279.38,243.38,-4.092,-1.678,-1.79,-0.478,-8.591,3.57,5.466,-21.826,-9.423,12.937,1.298,261.38,7.8,100.0,4133.972807,10.67196856,0.5,0.0,105.517,97.48,97.74,-4.898,-1.083,0,0,0,4.003,102.31,0,0,2,2020
31-03-2020,747.8,162.4205576,209.0714823,276.22,235.0,-2.901,1.607,-3.729,-2.288,-6.573,-0.337,-1.131,-17.554,-3.443,-4.277,1.321,255.61,7.8,100.0,4133.972807,10.67196856,0.5,0.0,105.517,93.19,94.5,-4.401,-0.358,0,0,0,4.071,105.82,0,0,3,2020
30-04-2020,679.98,146.9095656,218.9922732,282.0,220.38,4.745,9.761,-9.55,-9.027,-9.069,-7.331,2.093,-12.896,-6.221,-16.994,1.288,251.19,7.8,100.0,4133.972807,10.67196856,0.5,0.0,105.517,88.99,92.3,-4.507,0.272,0,0,0,4.212,108.34,0,0,4,2020
31-05-2020,684.78,143.9057872,205.764552,263.0,222.2,-6.04,3.131,-2.045,-15.885,0.706,-7.777,-6.738,-16.082,0.826,-16.309,1.278,242.6,7.8,100.0,4133.972807,10.67196856,0.5,0.0,105.517,86.6,88.42,-2.686,-6.73,0,0,0,4.192,113.1,0,0,5,2020
30-06-2020,755.71,147.9882488,198.415818,273.0,226.25,-3.571,-3.743,2.837,-24.14,10.358,1.726,3.802,-13.3,1.823,-14.783,1.376,249.62,7.8,100.0,4133.972807,10.67196856,0.5,0.0,105.517,89.12,87.91,2.91,-14.832,0,0,0,3.829,113.75,0,0,6,2020
31-07-2020,821.11,152.5549368,222.13,305.1,237.5,11.952,13.21,3.086,-19.462,8.654,9.749,11.758,-0.78,4.972,-10.546,1.374,271.3,7.8,100.0,4133.972807,10.67196856,0.5,0.0,105.517,96.25,94.65,8.0,-4.702,0,0,0,4.541,105.65,0,0,7,2020
31-08-2020,866.94,149.342508,223.0,341.88,240.38,0.392,23.105,-2.106,-8.707,5.581,9.295,12.055,16.722,1.213,-9.461,1.533,291.13,7.8,100.0,4133.972807,10.67196856,0.5,0.0,105.517,97.62,93.92,1.423,6.184,0,0,0,4.177,106.47,0,0,8,2020
30-09-2020,905.86,166.0817816,247.68,358.38,247.75,11.067,30.635,11.209,5.61,4.489,16.248,4.826,25.417,3.066,-6.685,1.447,303.06,7.8,100.0,4133.972807,10.67196856,0.5,0.0,105.517,106.16,104.38,8.748,17.864,1,0,0,4.753,95.8,0,0,9,2020
31-10-2020,914.77,186.7460448,272.36,357.1,255.0,9.964,36.509,12.442,11.725,0.984,18.678,-0.357,28.74,2.926,-3.955,1.311,306.05,7.8,100.0,4133.972807,10.67196856,0.5,0.0,105.517,114.25,115.96,7.621,23.783,1,0,0,5.058,86.24,1,1,10,2020
30-11-2020,973.88,190.3757744,273.0,359.63,250.0,0.235,34.355,1.944,14.454,6.462,26.445,0.708,45.012,-1.961,-5.838,1.317,304.82,7.8,100.0,4133.972807,10.67196856,0.5,0.0,105.517,117.42,117.15,2.775,24.258,1,0,0,5.045,85.36,1,1,11,2020
31-12-2020,1026.195868,198.769032,268.55,388.5,246.33,-1.63,27.33,4.409,19.055,5.372,23.116,8.028,63.126,-1.468,-7.22,1.447,317.42,8.2,100.0,4097.918329,10.68572262,0.4,0.0,-36.054,120.47,118.55,2.598,23.207,1,0,0,5.006,84.35,1,1,12,2020
31-01-2021,1098.67,234.4679501,289.3,421.3,255.5,7.727,28.862,17.96,36.488,7.062,25.471,8.443,59.041,3.723,-4.913,1.456,338.4,8.2,100.0,4097.918329,10.68572262,0.4,0.0,-36.054,133.4,133.56,10.733,32.605,1,1,0,5.583,74.87,1,2,1,2021
28-02-2021,1123.5,245.2350824,289.4,528.88,290.63,0.035,34.406,4.592,45.358,2.26,40.366,25.535,89.305,13.75,19.414,1.828,409.76,8.2,100.0,4097.918329,10.68572262,0.4,0.0,-36.054,136.48,136.68,2.309,39.84,1,1,0,5.097,73.16,1,2,2,2021
31-03-2021,1284.81,245.1720936,273.13,534.13,320.88,-5.622,30.64,-0.026,50.949,14.358,71.812,0.993,93.371,10.408,36.545,1.956,427.5,8.2,100.0,4097.918329,10.68572262,0.4,0.0,-36.054,140.5,132.94,2.945,40.677,1,1,0,4.544,75.22,1,2,3,2021
30-04-2021,1386.35,268.233868,280.95,543.4,345.5,2.863,28.292,9.406,82.584,7.903,103.881,1.736,92.695,7.673,56.775,1.934,444.45,8.2,100.0,4097.918329,10.68572262,0.4,0.0,-36.054,150.21,141.36,6.911,53.153,1,1,0,3.839,70.74,1,2,4,2021
31-05-2021,1574.67,305.3106504,297.25,574.63,378.13,5.802,44.461,13.823,112.16,13.584,129.953,5.747,118.49,9.444,70.176,1.933,476.38,8.2,100.0,4097.918329,10.68572262,0.4,0.0,-36.054,167.41,155.74,11.451,76.137,1,1,0,3.586,64.21,1,2,5,2021
30-06-2021,1518.16,292.5593552,285.55,604.75,462.5,-3.936,43.915,-4.176,97.691,-3.589,100.892,5.242,121.52,22.312,104.42,2.118,533.62,8.2,100.0,4097.918329,10.68572262,0.4,0.0,-36.054,160.9,149.39,-3.889,69.935,1,1,0,4.491,66.94,1,2,6,2021
31-07-2021,1468.34,278.4341168,294.27,613.0,633.0,3.054,32.476,-4.828,82.514,-3.282,78.824,1.364,100.918,36.865,166.526,2.083,623.0,8.2,100.0,4097.918329,10.68572262,0.4,0.0,-36.054,157.51,147.33,-2.107,55.658,1,1,0,4.839,67.87,1,2,7,2021
31-08-2021,1433.94,256.6124344,324.52,603.13,695.0,10.28,45.525,-7.837,71.828,-2.343,65.402,-1.61,76.416,9.795,189.126,1.859,649.07,8.2,100.0,4097.918329,10.68572262,0.4,0.0,-36.054,156.55,147.98,-0.609,57.56,1,1,0,4.982,67.58,1,2,8,2021
30-09-2021,1398.75,235.61748,337.55,643.75,736.25,4.015,36.285,-8.182,41.868,-2.454,54.411,6.735,79.628,5.935,197.175,1.907,690.0,8.2,100.0,4097.918329,10.68572262,0.4,0.0,-36.054,153.1,144.93,-2.204,38.848,1,1,0,5.06,69.0,1,2,9,2021
31-10-2021,1483.52,239.6487632,354.67,672.9,782.0,5.072,30.221,1.711,28.329,6.06,62.174,4.528,88.435,6.214,206.667,1.897,727.45,8.2,100.0,4097.918329,10.68572262,0.4,0.0,-36.054,159.89,149.99,4.435,29.346,1,1,0,4.889,66.67,1,2,10,2021
30-11-2021,1442.96,248.7191504,379.45,726.69,806.88,6.987,38.993,3.785,30.646,-2.734,48.166,7.994,102.066,3.182,222.752,1.915,766.79,8.2,100.0,4097.918329,10.68572262,0.4,0.0,-36.054,163.78,158.27,2.433,35.1,1,1,0,4.891,63.18,1,2,11,2021
31-12-2021,1411.21,264.5372128,376.81,745.0,807.5,-0.696,40.313,6.36,33.088,-2.2,37.519,2.52,91.763,0.077,227.812,1.977,776.25,8.6,0,4160.96326,10.70518237,0.4,0,63.045,165.12,162.21,0.818,36.828,1,1,0,4.928,61.65,1,2,12,2021
31-01-2022,1469.56,276.6231888,374.24,699.38,785.63,-0.682,29.361,4.569,17.979,4.135,33.758,-6.123,66.005,-2.708,207.487,1.869,742.5,8.6,0,4160.96326,10.70518237,0.4,0,63.045,169.4,165.1,2.592,23.615,1,1,0,4.245,60.57,1,2,1,2022
28-02-2022,1595.74,292.622344,390.5,747.13,791.88,4.345,34.934,5.784,19.323,8.586,42.033,6.827,41.266,0.796,172.47,1.913,769.5,8.6,0,4160.96326,10.70518237,0.4,0,63.045,180.04,173.42,6.281,26.88,1,1,0,4.415,57.66,1,2,2,2022
31-03-2022,1956.88,335.5295272,486.3,938.13,977.5,24.533,78.047,14.663,36.855,22.632,52.309,25.564,75.637,23.44,204.631,1.929,957.82,8.6,0,4160.96326,10.70518237,0.4,0,63.045,217.45,207.66,20.779,56.206,1,1,0,6.906,48.16,1,2,3,2022
30-04-2022,1947.51,348.1666552,495.28,954.0,1202.0,1.847,76.288,3.766,29.8,-0.479,40.478,1.692,75.561,22.967,247.902,1.926,1078.0,8.6,0,4160.96326,10.70518237,0.4,0,63.045,220.87,213.34,1.573,50.92,1,1,0,6.867,46.87,1,2,4,2022
31-05-2022,1962.88,344.8400592,522.29,842.5,1170.0,5.453,75.707,-0.955,12.947,0.789,24.653,-11.688,46.616,-2.662,209.417,1.613,1006.25,8.6,0,4160.96326,10.70518237,0.4,0,63.045,224.96,218.56,1.852,40.336,1,1,0,6.395,45.75,1,2,5,2022
30-06-2022,1751.76,335.7145568,459.59,783.75,1101.88,-12.005,60.949,-2.646,14.751,-10.756,15.387,-6.973,29.599,-5.822,138.244,1.705,942.82,8.6,0,4160.96326,10.70518237,0.4,0,63.045,205.14,201.6,-8.81,34.949,1,1,0,6.984,49.6,1,2,6,2022
31-07-2022,1533.4,322.9671984,382.5,784.0,1013.0,-16.774,29.983,-3.797,15.994,-12.465,4.431,0.032,27.896,-8.066,60.032,2.05,898.5,8.6,0,4160.96326,10.70518237,0.4,0,63.045,182.12,180.31,-11.222,22.385,1,1,0,7.932,55.46,1,2,7,2022
31-08-2022,1598.78,289.8350896,382.86,749.38,888.75,0.094,17.977,-10.259,12.947,4.264,11.496,-4.416,24.249,-12.266,27.878,1.957,819.06,8.6,0,4160.96326,10.70518237,0.4,0,63.045,178.47,170.87,-2.004,15.468,1,1,0,7.976,58.52,0,1,8,2022
30-09-2022,1548.32,312.6567192,419.14,752.0,731.0,9.476,24.171,7.874,32.697,-3.156,10.693,0.35,16.816,-17.75,-0.713,1.794,741.5,8.6,0,4160.96326,10.70518237,0.4,0,63.045,186.33,185.72,4.404,28.145,1,1,0,7.934,53.84,0,1,9,2022
31-10-2022,1575.9,343.5566624,437.95,725.0,622.5,4.488,23.481,9.883,43.358,1.781,6.227,-3.59,7.743,-14.843,-20.396,1.655,673.75,8.6,0,4160.96326,10.70518237,0.4,0,63.045,196.24,198.9,5.319,32.609,1,1,0,7.964,50.28,0,1,10,2022
30-11-2022,1651.6,320.9200624,422.68,665.63,563.13,-3.487,11.393,-6.589,29.029,4.804,14.459,-8.189,-8.402,-9.537,-30.209,1.575,614.38,8.6,0,4160.96326,10.70518237,0.4,0,63.045,192.63,188.91,-1.84,19.359,1,1,0,8.038,52.94,0,1,11,2022
31-12-2022,1409.24,302.24782,386.33,625.0,513.75,-8.6,2.526,-5.818,14.255,-14.674,-0.14,-6.104,-16.107,-8.769,-36.378,1.618,569.38,8.6,0,4185.511936,10.69341474,0.0,0,24.549,173.72,175.23,-9.817,8.027,1,1,0,8.697,57.07,0,1,12,2022
31-01-2023,1351.77,302.7753512,380.36,631.0,508.75,-1.545,1.635,0.175,9.454,-4.078,-8.015,0.96,-9.777,-0.973,-35.243,1.659,569.88,8.6,0,4185.511936,10.69341474,0.0,0,24.549,170.59,174.02,-1.802,5.403,1,1,0,8.705,57.46,0,1,1,2023
28-02-2023,1243.01,298.1771688,394.75,612.5,496.88,3.783,1.088,-1.519,1.898,-8.046,-22.104,-2.932,-18.02,-2.333,-37.253,1.552,554.69,8.6,0,4185.511936,10.69341474,0.0,0,24.549,167.51,175.98,-1.805,1.476,1,1,0,8.519,56.82,0,1,2,2023
31-03-2023,1113.19,282.4890208,369.86,606.0,453.0,-6.305,-23.944,-5.261,-15.808,-10.444,-43.114,-1.061,-35.403,-8.831,-53.657,1.638,529.5,8.6,0,4185.511936,10.69341474,0.0,0,24.549,155.47,165.78,-7.188,-20.168,1,1,0,5.537,60.32,0,1,3,2023
30-04-2023,1029.97,291.1145496,378.18,637.0,407.5,2.249,-23.643,3.053,-16.386,-7.476,-47.113,5.116,-33.229,-10.044,-66.098,1.684,522.25,8.6,0,4185.511936,10.69341474,0.0,0,24.549,155.03,170.17,-0.283,-20.235,1,1,0,5.434,58.76,0,1,4,2023
31-05-2023,988.32,268.135448,367.74,510.0,372.5,-2.761,-29.591,-7.893,-22.244,-4.044,-49.649,-19.937,-39.466,-8.589,-68.162,1.387,441.25,8.6,0,4185.511936,10.69341474,0.0,0,24.549,147.35,161.17,-4.954,-26.258,1,1,0,5.261,62.05,0,1,5,2023
30-06-2023,1007.12,266.8677984,345.5,454.55,328.0,-6.048,-24.824,-0.473,-20.508,1.902,-42.508,-10.873,-42.003,-11.946,-70.233,1.316,391.28,8.6,0,4185.511936,10.69341474,0.0,0,24.549,144.48,155.72,-1.948,-22.758,1,1,0,4.977,64.22,0,1,6,2023
31-07-2023,1135.74,242.3848392,345.5,458.75,341.25,0.0,-9.673,-9.174,-24.951,12.771,-25.933,0.924,-41.486,4.04,-66.313,1.328,400.0,8.6,0,4185.511936,10.69341474,0.0,0,24.549,144.98,148.68,0.346,-17.542,1,1,0,4.258,67.26,0,1,7,2023
31-08-2023,1126.53,207.607148,315.82,528.75,353.13,-8.59,-17.51,-14.348,-28.371,-0.811,-29.538,15.259,-29.442,3.481,-60.267,1.674,440.94,8.6,0,4185.511936,10.69341474,0.0,0,24.549,133.42,131.9,-7.974,-22.807,1,1,0,4.617,75.82,0,1,8,2023
30-09-2023,1111.63,223.80708,314.68,527.9,352.0,-0.361,-24.922,7.803,-28.418,-1.323,-28.204,-0.161,-29.801,-0.32,-51.847,1.678,439.95,8.6,0,4185.511936,10.69341474,0.0,0,24.549,135.75,136.3,1.746,-26.61,1,1,0,4.321,73.37,0,1,9,2023
31-10-2023,1133.87,230.69648,298.1,534.75,341.88,-5.269,-31.933,3.078,-32.851,2.001,-28.049,1.298,-26.241,-2.875,-45.08,1.794,438.32,8.6,0,4185.511936,10.69341474,0.0,0,24.549,135.44,134.49,-0.228,-32.383,1,1,0,3.651,74.35,0,1,10,2023
30-11-2023,1118.39,211.2604984,283.55,535.63,331.88,-4.881,-32.916,-8.425,-34.17,-1.365,-32.284,0.165,-19.53,-2.925,-41.065,1.889,433.76,8.6,0,4185.511936,10.69341474,0.0,0,24.549,128.87,125.57,-4.851,-33.529,1,0,0,3.67,79.64,0,0,11,2023
31-12-2023,1062.48,206.5480394,291.12,563.75,311.88,2.67,-24.645,-2.231,-31.663,-4.999,-24.606,5.25,-9.8,-6.026,-39.293,1.936,437.82,8.5,0,4243.531108,0,-0.1,0,58.019,126.86,125.94,-1.56,-28.129,1,0,0,3.043,79.4,0,0,12,2023
31-01-2024,971.46,198.6248088,283.91,596.25,296.25,-2.477,-25.358,-3.836,-34.399,-8.567,-28.134,5.765,-5.507,-5.012,-41.769,2.1,446.25,8.5,0,4243.531108,0,-0.1,0,58.019,120.57,122.02,-4.958,-29.882,1,0,0,3.109,81.95,0,0,1,2024
29-02-2024,911.9,189.128793,278.5,583.81,289.38,-1.906,-29.449,-4.781,-36.572,-6.131,-26.638,-2.086,-4.684,-2.319,-41.761,2.096,436.6,8.5,0,4243.531108,0,-0.1,0,58.019,115.52,118.06,-4.188,-32.913,1,0,0,3.115,84.7,0,0,2,2024
31-03-2024,964.95,190.5670045,274.83,617.5,300.5,-1.318,-25.694,0.76,-32.54,5.818,-13.317,5.771,1.898,3.843,-33.664,2.247,459.0,8.5,0,4243.531108,0,-0.1,0,58.019,117.38,117.62,1.61,-29.051,1,0,0,3.076,85.02,0,0,3,2024
30-04-2024,958.56,191.6510789,272.3,545.0,305.0,-0.921,-27.997,0.569,-34.166,-0.662,-6.933,-11.741,-14.443,1.498,-25.153,2.001,425.0,8.5,0,4243.531108,0,-0.1,0,58.019,116.94,117.36,-0.375,-31.034,1,0,0,3.07,85.21,0,0,4,2024
31-05-2024,988.0,197.7934438,289.42,522.0,307.0,6.287,-21.298,3.205,-26.234,3.071,-0.032,-4.22,2.353,0.656,-17.584,1.804,414.5,8.5,0,4243.531108,0,-0.1,0,58.019,121.92,123.04,4.259,-23.658,1,0,0,3.467,81.27,0,0,5,2024
30-06-2024,1010.68,192.506708,265.55,543.0,310.0,-8.248,-23.14,-2.673,-27.864,2.296,0.353,4.023,19.459,0.977,-5.488,2.045,426.5,8.5,0,4243.531108,0,-0.1,0,58.019,118.19,116.06,-3.059,-25.469,1,0,0,3.494,86.16,0,0,6,2024
31-07-2024,1079.02,177.4292139,260.26,539.4,300.63,-1.992,-24.671,-7.832,-26.799,6.762,-4.994,-0.663,17.58,-3.023,-11.903,2.073,420.02,8.5,0,4243.531108,0,-0.1,0,58.019,117.25,110.52,-0.795,-25.666,1,0,0,3.452,90.48,0,0,7,2024
31-08-2024,1031.38,170.3247573,250.85,546.0,294.0,-3.616,-20.572,-4.004,-17.958,-4.415,-8.446,1.224,3.262,-2.205,-16.745,2.177,420.0,8.5,0,4243.531108,0,-0.1,0,58.019,112.53,106.32,-4.026,-19.393,1,0,0,2.951,94.06,0,0,8,2024
30-09-2024,1043.81,184.9671542,269.69,554.75,286.88,7.51,-14.297,8.597,-17.354,1.205,-6.101,1.603,5.086,-2.422,-18.5,2.057,420.82,8.5,0,4243.531108,0,-0.1,0,58.019,118.71,114.84,5.492,-15.745,1,0,0,3.464,87.08,0,0,9,2024
31-10-2024,1094.89,190.3357217,272.85,573.44,278.13,1.172,-8.47,2.902,-17.495,4.894,-3.438,3.369,7.235,-3.05,-18.647,2.102,425.78,8.5,0,4243.531108,0,-0.1,0,58.019,122.28,117.11,3.007,-12.923,1,0,0,3.655,85.39,0,0,10,2024
30-11-2024,1145.17057,201.33106,253.75,574.5,281.0,-7.0,-10.51,5.777,-4.7,4.592,2.395,0.185,7.257,1.032,-15.331,2.264,427.75,8.5,0,4243.531108,0,-0.1,0,58.019,123.51,115.9,1.006,-7.701,1,0,0,3.448,86.28,0,0,11,2024
31-12-2024,1063.631006,202.59757,252.17,568.33,292.5,-0.623,-13.379,0.629,-1.913,-7.12,0.108,-1.074,0.812,4.093,-6.214,2.254,430.42,0,0,0,0,0,0,0,120.22,115.9,-2.664,-7.972,1,0,0,3.499,86.28,0,0,12,2024
